year,location,surveyed,start_date,end_date
2014,bedrock,FALSE,10-09-20,10-09-20
2014,bedrock,FALSE,11-07-20,11-07-20
2014,belowlowerauditorium,FALSE,10-09-20,10-09-20
2014,belowlowerauditorium,FALSE,11-07-20,11-07-20
2014,cottonwood,TRUE,9-09-20,9-09-20
2014,cottonwood,TRUE,NA,NA
2014,cottonwood,TRUE,NA,NA
2014,cottonwood,TRUE,NA,10-03-20
2014,cottonwood,TRUE,NA,NA
2014,hatchery,TRUE,9-09-20,9-09-20
2014,hatchery,TRUE,NA,NA
2014,hatchery,TRUE,NA,NA
2014,hatchery,TRUE,NA,10-03-20
2014,hatchery,TRUE,10-06-20,10-10-20
2014,hatchery,TRUE,NA,NA
2014,hatchery,TRUE,NA,NA
2014,hatchery,TRUE,11-12-20,NA
2014,hatcherypipe,FALSE,10-09-20,10-09-20
2014,hatcherypipe,FALSE,11-07-20,11-07-20
2014,hatcherysidechannel,FALSE,10-09-20,10-09-20
2014,hatcherysidechannel,FALSE,11-07-20,11-07-20
2014,lowerauditorium,TRUE,9-09-20,9-09-20
2014,lowerauditorium,TRUE,NA,NA
2014,lowerauditorium,TRUE,10-06-20,10-10-20
2014,lowerauditorium,TRUE,NA,NA
2014,lowerauditorium,TRUE,NA,NA
2014,lowerauditorium,TRUE,11-12-20,NA
2014,lowertablemountain,FALSE,10-09-20,10-09-20
2014,lowertablemountain,FALSE,11-07-20,11-07-20
2014,middleauditorium,TRUE,9-09-20,9-09-20
2014,middleauditorium,TRUE,NA,NA
2014,middleauditorium,TRUE,NA,NA
2014,middleauditorium,TRUE,NA,10-03-20
2014,middleauditorium,TRUE,10-06-20,10-10-20
2014,middleauditorium,TRUE,NA,NA
2014,middleauditorium,TRUE,NA,NA
2014,middleauditorium,TRUE,11-12-20,NA
2014,moessidechannel,TRUE,9-09-20,9-09-20
2014,moessidechannel,TRUE,NA,NA
2014,moessidechannel,TRUE,NA,NA
2014,moessidechannel,TRUE,NA,10-03-20
2014,moessidechannel,TRUE,10-06-20,10-10-20
2014,moessidechannel,TRUE,NA,NA
2014,moessidechannel,TRUE,NA,NA
2014,moessidechannel,TRUE,11-12-20,NA
2014,tablemountain,FALSE,10-09-20,10-09-20
2014,tablemountain,FALSE,11-07-20,11-07-20
2014,topofauditorium,TRUE,9-09-20,9-09-20
2014,topofauditorium,TRUE,NA,NA
2014,topofauditorium,TRUE,NA,NA
2014,topofauditorium,TRUE,NA,10-03-20
2014,topofauditorium,TRUE,10-06-20,10-10-20
2014,topofauditorium,TRUE,NA,NA
2014,topofauditorium,TRUE,NA,NA
2014,topofauditorium,TRUE,11-12-20,NA
2014,topofauditorium,TRUE,NA,NA
2014,topofhatchery,FALSE,10-09-20,10-09-20
2014,topofhatchery,FALSE,11-07-20,11-07-20
2014,upperauditorium,TRUE,9-09-20,9-09-20
2014,upperauditorium,TRUE,NA,NA
2014,upperauditorium,TRUE,NA,NA
2014,upperauditorium,TRUE,NA,10-03-20
2014,upperauditorium,TRUE,10-06-20,10-10-20
2014,upperauditorium,TRUE,NA,NA
2014,upperauditorium,TRUE,NA,NA
2014,upperauditorium,TRUE,11-12-20,NA
2014,uppercottonwood,TRUE,9-09-20,9-09-20
2014,uppercottonwood,TRUE,NA,NA
2014,uppercottonwood,TRUE,NA,NA
2014,uppercottonwood,TRUE,NA,10-03-20
2014,uppercottonwood,TRUE,10-06-20,10-10-20
2014,uppercottonwood,TRUE,NA,NA
2014,uppercottonwood,TRUE,NA,NA
2014,uppercottonwood,TRUE,11-12-20,NA
2014,uppercottonwood,TRUE,NA,NA
2014,upperhatchery,TRUE,9-09-20,9-09-20
2014,upperhatchery,TRUE,NA,NA
2014,upperhatchery,TRUE,NA,NA
2014,upperhatchery,TRUE,NA,10-03-20
2014,upperhatchery,TRUE,10-06-20,10-10-20
2014,upperhatchery,TRUE,NA,NA
2014,upperhatchery,TRUE,NA,NA
2014,upperhatchery,TRUE,11-12-20,NA
2014,upperhatchery,TRUE,NA,NA
2014,belowbigholeeast,TRUE,10-06-20,10-10-20
2014,belowbigholeeast,TRUE,11-12-20,NA
2014,bigbar,TRUE,10-06-20,10-10-20
2014,bigbar,TRUE,11-12-20,NA
2014,bigholeeast,TRUE,10-06-20,10-10-20
2014,bigholeeast,TRUE,11-12-20,NA
2014,bigholewest,TRUE,10-06-20,10-10-20
2014,bigholewest,TRUE,11-12-20,NA
2014,developing,TRUE,10-06-20,10-10-20
2014,developing,TRUE,11-12-20,NA
2014,g95eastsidechannelbottom,TRUE,10-06-20,10-10-20
2014,g95eastsidechannelbottom,TRUE,11-12-20,NA
2014,g95eastsidechanneltop,TRUE,10-06-20,10-10-20
2014,g95eastsidechanneltop,TRUE,11-12-20,NA
2014,g95main,TRUE,10-06-20,10-10-20
2014,g95main,TRUE,11-12-20,NA
2014,g95westsidechannel,FALSE,10-09-20,10-09-20
2014,g95westsidechannel,FALSE,11-07-20,11-07-20
2014,goose,TRUE,10-06-20,10-10-20
2014,goose,TRUE,11-12-20,NA
2014,keister,TRUE,10-06-20,10-10-20
2014,keister,TRUE,11-12-20,NA
2014,lowerbig,FALSE,10-09-20,10-09-20
2014,lowerbig,FALSE,11-07-20,11-07-20
2014,lowerhour,TRUE,10-06-20,10-10-20
2014,lowerhour,TRUE,11-12-20,NA
2014,lowermcfarland,TRUE,10-06-20,10-10-20
2014,lowermcfarland,TRUE,11-12-20,NA
2014,lowervanceeast,TRUE,10-06-20,10-10-20
2014,lowervanceeast,TRUE,11-12-20,NA
2014,palm,FALSE,10-09-20,10-09-20
2014,palm,FALSE,11-07-20,11-07-20
2014,upperhour,TRUE,10-06-20,10-10-20
2014,upperhour,TRUE,11-12-20,NA
2014,uppermcfarland,TRUE,10-06-20,10-10-20
2014,uppermcfarland,TRUE,11-12-20,NA
2014,vanceeast,TRUE,10-06-20,10-10-20
2014,vanceeast,TRUE,11-12-20,NA
2014,aleck,FALSE,10-09-20,10-09-20
2014,aleck,FALSE,11-07-20,11-07-20
2014,eye,FALSE,10-09-20,10-09-20
2014,eye,FALSE,11-07-20,11-07-20
2014,eyesidechannel,FALSE,10-09-20,10-09-20
2014,eyesidechannel,FALSE,11-07-20,11-07-20
2014,gateway,FALSE,10-09-20,10-09-20
2014,gateway,FALSE,11-07-20,11-07-20
2014,greatwestern,FALSE,10-09-20,10-09-20
2014,greatwestern,FALSE,11-07-20,11-07-20
2014,lowerrobinson,FALSE,10-09-20,10-09-20
2014,lowerrobinson,FALSE,11-07-20,11-07-20
2014,mathews,FALSE,10-09-20,10-09-20
2014,mathews,FALSE,11-07-20,11-07-20
2014,steep,FALSE,10-09-20,10-09-20
2014,steep,FALSE,11-07-20,11-07-20
2014,steepsidechannel,FALSE,10-09-20,10-09-20
2014,steepsidechannel,FALSE,11-07-20,11-07-20
2014,trailerpark,FALSE,10-09-20,10-09-20
2014,trailerpark,FALSE,11-07-20,11-07-20
2014,uppermathews,FALSE,10-09-20,10-09-20
2014,uppermathews,FALSE,11-07-20,11-07-20
2014,upperrobinson,FALSE,10-09-20,10-09-20
2014,upperrobinson,FALSE,11-07-20,11-07-20
2014,vancewest,FALSE,10-09-20,10-09-20
2014,vancewest,FALSE,11-07-20,11-07-20
2014,weir,FALSE,10-09-20,10-09-20
2014,weir,FALSE,11-07-20,11-07-20
2015,bedrock,FALSE,NA,NA
2015,belowlowerauditorium,FALSE,NA,NA
2015,cottonwood,TRUE,NA,NA
2015,cottonwood,TRUE,NA,NA
2015,cottonwood,TRUE,NA,NA
2015,cottonwood,TRUE,NA,NA
2015,cottonwood,TRUE,NA,NA
2015,cottonwood,TRUE,NA,NA
2015,cottonwood,TRUE,11-02-20,11-05-20
2015,cottonwood,TRUE,11-10-20,11-11-20
2015,cottonwood,TRUE,NA,NA
2015,cottonwood,TRUE,NA,NA
2015,cottonwood,TRUE,NA,NA
2015,cottonwood,TRUE,12-03-20,12-04-20
2015,hatchery,TRUE,NA,NA
2015,hatchery,TRUE,NA,NA
2015,hatchery,TRUE,NA,NA
2015,hatchery,TRUE,NA,NA
2015,hatchery,TRUE,NA,NA
2015,hatchery,TRUE,NA,NA
2015,hatchery,TRUE,11-02-20,11-05-20
2015,hatchery,TRUE,11-10-20,11-11-20
2015,hatchery,TRUE,NA,NA
2015,hatchery,TRUE,NA,NA
2015,hatchery,TRUE,NA,NA
2015,hatchery,TRUE,12-03-20,12-04-20
2015,hatcherypipe,FALSE,NA,NA
2015,hatcherysidechannel,TRUE,11-10-20,11-11-20
2015,hatcherysidechannel,TRUE,NA,NA
2015,hatcherysidechannel,TRUE,NA,NA
2015,hatcherysidechannel,TRUE,NA,NA
2015,hatcherysidechannel,TRUE,12-03-20,12-04-20
2015,lowerauditorium,TRUE,NA,NA
2015,lowerauditorium,TRUE,NA,NA
2015,lowerauditorium,TRUE,NA,NA
2015,lowerauditorium,TRUE,NA,NA
2015,lowerauditorium,TRUE,NA,NA
2015,lowerauditorium,TRUE,NA,NA
2015,lowerauditorium,TRUE,11-02-20,11-05-20
2015,lowerauditorium,TRUE,11-10-20,11-11-20
2015,lowerauditorium,TRUE,NA,NA
2015,lowerauditorium,TRUE,NA,NA
2015,lowerauditorium,TRUE,NA,NA
2015,lowerauditorium,TRUE,12-03-20,12-04-20
2015,lowertablemountain,FALSE,NA,NA
2015,middleauditorium,TRUE,NA,NA
2015,middleauditorium,TRUE,NA,NA
2015,middleauditorium,TRUE,NA,NA
2015,middleauditorium,TRUE,NA,NA
2015,middleauditorium,TRUE,NA,NA
2015,middleauditorium,TRUE,NA,NA
2015,middleauditorium,TRUE,11-02-20,11-05-20
2015,middleauditorium,TRUE,11-10-20,11-11-20
2015,middleauditorium,TRUE,NA,NA
2015,middleauditorium,TRUE,NA,NA
2015,middleauditorium,TRUE,NA,NA
2015,middleauditorium,TRUE,12-03-20,12-04-20
2015,moessidechannel,TRUE,NA,NA
2015,moessidechannel,TRUE,NA,NA
2015,moessidechannel,TRUE,NA,NA
2015,moessidechannel,TRUE,NA,NA
2015,moessidechannel,TRUE,NA,NA
2015,moessidechannel,TRUE,NA,NA
2015,moessidechannel,TRUE,11-02-20,11-05-20
2015,moessidechannel,TRUE,11-10-20,11-11-20
2015,moessidechannel,TRUE,NA,NA
2015,moessidechannel,TRUE,NA,NA
2015,moessidechannel,TRUE,NA,NA
2015,moessidechannel,TRUE,12-03-20,12-04-20
2015,tablemountain,TRUE,11-10-20,11-11-20
2015,tablemountain,TRUE,NA,NA
2015,tablemountain,TRUE,NA,NA
2015,tablemountain,TRUE,NA,NA
2015,tablemountain,TRUE,12-03-20,12-04-20
2015,topofauditorium,TRUE,NA,NA
2015,topofauditorium,TRUE,NA,NA
2015,topofauditorium,TRUE,NA,NA
2015,topofauditorium,TRUE,NA,NA
2015,topofauditorium,TRUE,NA,NA
2015,topofauditorium,TRUE,NA,NA
2015,topofauditorium,TRUE,11-02-20,11-05-20
2015,topofauditorium,TRUE,11-10-20,11-11-20
2015,topofauditorium,TRUE,NA,NA
2015,topofauditorium,TRUE,NA,NA
2015,topofauditorium,TRUE,NA,NA
2015,topofauditorium,TRUE,12-03-20,12-04-20
2015,topofhatchery,FALSE,NA,NA
2015,upperauditorium,TRUE,NA,NA
2015,upperauditorium,TRUE,NA,NA
2015,upperauditorium,TRUE,NA,NA
2015,upperauditorium,TRUE,NA,NA
2015,upperauditorium,TRUE,NA,NA
2015,upperauditorium,TRUE,NA,NA
2015,upperauditorium,TRUE,11-02-20,11-05-20
2015,upperauditorium,TRUE,11-10-20,11-11-20
2015,upperauditorium,TRUE,NA,NA
2015,upperauditorium,TRUE,NA,NA
2015,upperauditorium,TRUE,NA,NA
2015,upperauditorium,TRUE,12-03-20,12-04-20
2015,uppercottonwood,TRUE,NA,NA
2015,uppercottonwood,TRUE,NA,NA
2015,uppercottonwood,TRUE,NA,NA
2015,uppercottonwood,TRUE,NA,NA
2015,uppercottonwood,TRUE,NA,NA
2015,uppercottonwood,TRUE,NA,NA
2015,uppercottonwood,TRUE,11-02-20,11-05-20
2015,uppercottonwood,TRUE,11-10-20,11-11-20
2015,uppercottonwood,TRUE,NA,NA
2015,uppercottonwood,TRUE,NA,NA
2015,uppercottonwood,TRUE,NA,NA
2015,uppercottonwood,TRUE,12-03-20,12-04-20
2015,upperhatchery,TRUE,NA,NA
2015,upperhatchery,TRUE,NA,NA
2015,upperhatchery,TRUE,NA,NA
2015,upperhatchery,TRUE,NA,NA
2015,upperhatchery,TRUE,NA,NA
2015,upperhatchery,TRUE,NA,NA
2015,upperhatchery,TRUE,11-02-20,11-05-20
2015,upperhatchery,TRUE,11-10-20,11-11-20
2015,upperhatchery,TRUE,NA,NA
2015,upperhatchery,TRUE,NA,NA
2015,upperhatchery,TRUE,NA,NA
2015,upperhatchery,TRUE,12-03-20,12-04-20
2015,bigbar,TRUE,NA,NA
2015,bigbar,TRUE,NA,NA
2015,bigbar,TRUE,NA,NA
2015,bigbar,TRUE,12-03-20,12-04-20
2015,bigholeeast,TRUE,NA,NA
2015,bigholeeast,TRUE,NA,NA
2015,bigholeeast,TRUE,NA,NA
2015,bigholeeast,TRUE,12-03-20,12-04-20
2015,bigholewest,TRUE,NA,NA
2015,bigholewest,TRUE,NA,NA
2015,bigholewest,TRUE,NA,NA
2015,bigholewest,TRUE,12-03-20,12-04-20
2015,developing,TRUE,NA,NA
2015,developing,TRUE,NA,NA
2015,developing,TRUE,NA,NA
2015,developing,TRUE,12-03-20,12-04-20
2015,g95eastsidechannelbottom,TRUE,NA,NA
2015,g95eastsidechannelbottom,TRUE,NA,NA
2015,g95eastsidechannelbottom,TRUE,NA,NA
2015,g95eastsidechannelbottom,TRUE,12-03-20,12-04-20
2015,g95eastsidechanneltop,TRUE,NA,NA
2015,g95eastsidechanneltop,TRUE,NA,NA
2015,g95eastsidechanneltop,TRUE,NA,NA
2015,g95eastsidechanneltop,TRUE,12-03-20,12-04-20
2015,g95main,TRUE,NA,NA
2015,g95main,TRUE,NA,NA
2015,g95main,TRUE,NA,NA
2015,g95main,TRUE,12-03-20,12-04-20
2015,g95westsidechannel,TRUE,NA,NA
2015,g95westsidechannel,TRUE,NA,NA
2015,g95westsidechannel,TRUE,NA,NA
2015,g95westsidechannel,TRUE,12-03-20,12-04-20
2015,goose,TRUE,NA,NA
2015,goose,TRUE,NA,NA
2015,goose,TRUE,NA,NA
2015,goose,TRUE,12-03-20,12-04-20
2015,keister,TRUE,NA,NA
2015,keister,TRUE,NA,NA
2015,keister,TRUE,NA,NA
2015,keister,TRUE,12-03-20,12-04-20
2015,lowerhour,TRUE,NA,NA
2015,lowerhour,TRUE,NA,NA
2015,lowerhour,TRUE,NA,NA
2015,lowerhour,TRUE,12-03-20,12-04-20
2015,lowermcfarland,TRUE,NA,NA
2015,lowermcfarland,TRUE,NA,NA
2015,lowermcfarland,TRUE,NA,NA
2015,lowermcfarland,TRUE,12-03-20,12-04-20
2015,lowervanceeast,TRUE,NA,NA
2015,lowervanceeast,TRUE,NA,NA
2015,lowervanceeast,TRUE,NA,NA
2015,lowervanceeast,TRUE,12-03-20,12-04-20
2015,upperhour,TRUE,NA,NA
2015,upperhour,TRUE,NA,NA
2015,upperhour,TRUE,NA,NA
2015,upperhour,TRUE,12-03-20,12-04-20
2015,uppermcfarland,TRUE,NA,NA
2015,uppermcfarland,TRUE,NA,NA
2015,uppermcfarland,TRUE,NA,NA
2015,uppermcfarland,TRUE,12-03-20,12-04-20
2015,vanceeast,TRUE,NA,NA
2015,vanceeast,TRUE,NA,NA
2015,vanceeast,TRUE,NA,NA
2015,vanceeast,TRUE,12-03-20,12-04-20
2015,vancewest,TRUE,NA,NA
2015,vancewest,TRUE,NA,NA
2015,vancewest,TRUE,NA,NA
2015,vancewest,TRUE,12-03-20,12-04-20
2015,aleck,FALSE,NA,NA
2015,eye,FALSE,NA,NA
2015,eyesidechannel,FALSE,NA,NA
2015,gateway,FALSE,NA,NA
2015,greatwestern,FALSE,NA,NA
2015,lowerrobinson,FALSE,NA,NA
2015,mathews,FALSE,NA,NA
2015,steep,FALSE,NA,NA
2015,steepsidechannel,FALSE,NA,NA
2015,trailerpark,FALSE,NA,NA
2015,uppermathews,FALSE,NA,NA
2015,upperrobinson,FALSE,NA,NA
2015,weir,FALSE,NA,NA
2016,bedrock,FALSE,NA,NA
2016,belowlowerauditorium,FALSE,NA,NA
2016,cottonwood,TRUE,NA,NA
2016,cottonwood,TRUE,NA,NA
2016,cottonwood,TRUE,10-04-20,10-06-20
2016,cottonwood,TRUE,10-10-20,NA
2016,cottonwood,TRUE,NA,NA
2016,cottonwood,TRUE,NA,NA
2016,cottonwood,TRUE,NA,11-04-20
2016,cottonwood,TRUE,11-07-20,11-09-20
2016,cottonwood,TRUE,NA,NA
2016,hatchery,TRUE,NA,NA
2016,hatchery,TRUE,NA,NA
2016,hatchery,TRUE,10-04-20,10-06-20
2016,hatchery,TRUE,10-10-20,NA
2016,hatchery,TRUE,NA,NA
2016,hatchery,TRUE,NA,NA
2016,hatchery,TRUE,NA,11-04-20
2016,hatchery,TRUE,11-07-20,11-09-20
2016,hatchery,TRUE,NA,NA
2016,hatcherypipe,FALSE,NA,NA
2016,hatcherysidechannel,FALSE,NA,NA
2016,lowerauditorium,TRUE,NA,NA
2016,lowerauditorium,TRUE,NA,NA
2016,lowerauditorium,TRUE,10-04-20,10-06-20
2016,lowerauditorium,TRUE,10-10-20,NA
2016,lowerauditorium,TRUE,NA,NA
2016,lowerauditorium,TRUE,NA,NA
2016,lowerauditorium,TRUE,NA,11-04-20
2016,lowerauditorium,TRUE,11-07-20,11-09-20
2016,lowerauditorium,TRUE,NA,NA
2016,lowertablemountain,FALSE,NA,NA
2016,middleauditorium,TRUE,NA,NA
2016,middleauditorium,TRUE,NA,NA
2016,middleauditorium,TRUE,10-04-20,10-06-20
2016,middleauditorium,TRUE,10-10-20,NA
2016,middleauditorium,TRUE,NA,NA
2016,middleauditorium,TRUE,NA,NA
2016,middleauditorium,TRUE,NA,11-04-20
2016,middleauditorium,TRUE,11-07-20,11-09-20
2016,middleauditorium,TRUE,NA,NA
2016,moessidechannel,TRUE,NA,NA
2016,moessidechannel,TRUE,NA,NA
2016,moessidechannel,TRUE,10-04-20,10-06-20
2016,moessidechannel,TRUE,10-10-20,NA
2016,moessidechannel,TRUE,NA,NA
2016,moessidechannel,TRUE,NA,NA
2016,moessidechannel,TRUE,NA,11-04-20
2016,moessidechannel,TRUE,11-07-20,11-09-20
2016,tablemountain,FALSE,NA,NA
2016,topofauditorium,TRUE,NA,NA
2016,topofauditorium,TRUE,NA,NA
2016,topofauditorium,TRUE,10-04-20,10-06-20
2016,topofauditorium,TRUE,10-10-20,NA
2016,topofauditorium,TRUE,NA,NA
2016,topofauditorium,TRUE,NA,NA
2016,topofauditorium,TRUE,NA,11-04-20
2016,topofauditorium,TRUE,11-07-20,11-09-20
2016,topofauditorium,TRUE,NA,NA
2016,topofhatchery,FALSE,NA,NA
2016,upperauditorium,TRUE,NA,NA
2016,upperauditorium,TRUE,NA,NA
2016,upperauditorium,TRUE,10-04-20,10-06-20
2016,upperauditorium,TRUE,10-10-20,NA
2016,upperauditorium,TRUE,NA,NA
2016,upperauditorium,TRUE,NA,NA
2016,upperauditorium,TRUE,NA,11-04-20
2016,upperauditorium,TRUE,11-07-20,11-09-20
2016,upperauditorium,TRUE,NA,NA
2016,uppercottonwood,TRUE,NA,NA
2016,uppercottonwood,TRUE,NA,NA
2016,uppercottonwood,TRUE,10-04-20,10-06-20
2016,uppercottonwood,TRUE,10-10-20,NA
2016,uppercottonwood,TRUE,NA,NA
2016,uppercottonwood,TRUE,NA,NA
2016,uppercottonwood,TRUE,NA,11-04-20
2016,uppercottonwood,TRUE,11-07-20,11-09-20
2016,uppercottonwood,TRUE,NA,NA
2016,upperhatchery,TRUE,NA,NA
2016,upperhatchery,TRUE,NA,NA
2016,upperhatchery,TRUE,10-04-20,10-06-20
2016,upperhatchery,TRUE,10-10-20,NA
2016,upperhatchery,TRUE,NA,NA
2016,upperhatchery,TRUE,NA,NA
2016,upperhatchery,TRUE,NA,11-04-20
2016,upperhatchery,TRUE,11-07-20,11-09-20
2016,upperhatchery,TRUE,NA,NA
2016,belowbigholeeast,FALSE,NA,NA
2016,bigbar,FALSE,NA,NA
2016,bigholeeast,FALSE,NA,NA
2016,bigholewest,FALSE,NA,NA
2016,developing,FALSE,NA,NA
2016,g95eastsidechannelbottom,FALSE,NA,NA
2016,g95eastsidechanneltop,FALSE,NA,NA
2016,g95main,FALSE,NA,NA
2016,g95westsidechannel,FALSE,NA,NA
2016,goose,FALSE,NA,NA
2016,keister,FALSE,NA,NA
2016,lowerbig,FALSE,NA,NA
2016,lowerhour,FALSE,NA,NA
2016,lowermcfarland,FALSE,NA,NA
2016,lowervanceeast,FALSE,NA,NA
2016,palm,FALSE,NA,NA
2016,upperhour,FALSE,NA,NA
2016,uppermcfarland,FALSE,NA,NA
2016,vanceeast,FALSE,NA,NA
2016,vancewest,FALSE,NA,NA
2016,aleck,FALSE,NA,NA
2016,eye,FALSE,NA,NA
2016,eyesidechannel,FALSE,NA,NA
2016,gateway,FALSE,NA,NA
2016,greatwestern,FALSE,NA,NA
2016,lowerrobinson,FALSE,NA,NA
2016,mathews,FALSE,NA,NA
2016,steep,FALSE,NA,NA
2016,steepsidechannel,FALSE,NA,NA
2016,trailerpark,FALSE,NA,NA
2016,uppermathews,FALSE,NA,NA
2016,upperrobinson,FALSE,NA,NA
2016,weir,FALSE,NA,NA
2017,bedrock,FALSE,10-11-20,10-11-20
2017,bedrock,FALSE,NA,NA
2017,belowlowerauditorium,FALSE,10-11-20,10-11-20
2017,belowlowerauditorium,FALSE,NA,NA
2017,cottonwood,TRUE,10-03-20,10-06-20
2017,cottonwood,TRUE,10-10-20,10-12-20
2017,cottonwood,TRUE,NA,NA
2017,cottonwood,TRUE,NA,NA
2017,cottonwood,TRUE,NA,11-03-20
2017,cottonwood,TRUE,11-06-20,11-09-20
2017,cottonwood,TRUE,NA,NA
2017,cottonwood,TRUE,NA,NA
2017,cottonwood,TRUE,NA,NA
2017,cottonwood,TRUE,12-04-20,12-07-20
2017,cottonwood,TRUE,12-11-20,NA
2017,hatchery,TRUE,10-03-20,10-06-20
2017,hatchery,TRUE,10-10-20,10-12-20
2017,hatchery,TRUE,NA,NA
2017,hatchery,TRUE,NA,NA
2017,hatchery,TRUE,NA,11-03-20
2017,hatchery,TRUE,11-06-20,11-09-20
2017,hatchery,TRUE,NA,NA
2017,hatchery,TRUE,NA,NA
2017,hatchery,TRUE,NA,NA
2017,hatchery,TRUE,12-04-20,12-07-20
2017,hatchery,TRUE,12-11-20,NA
2017,hatcherypipe,FALSE,10-11-20,10-11-20
2017,hatcherypipe,FALSE,NA,NA
2017,hatcherysidechannel,TRUE,10-03-20,10-06-20
2017,hatcherysidechannel,TRUE,10-10-20,10-12-20
2017,hatcherysidechannel,TRUE,NA,NA
2017,hatcherysidechannel,TRUE,NA,NA
2017,hatcherysidechannel,TRUE,NA,11-03-20
2017,hatcherysidechannel,TRUE,11-06-20,11-09-20
2017,hatcherysidechannel,TRUE,NA,NA
2017,hatcherysidechannel,TRUE,NA,NA
2017,hatcherysidechannel,TRUE,NA,NA
2017,hatcherysidechannel,TRUE,12-04-20,12-07-20
2017,hatcherysidechannel,TRUE,12-11-20,NA
2017,lowerauditorium,TRUE,10-03-20,10-06-20
2017,lowerauditorium,TRUE,10-10-20,10-12-20
2017,lowerauditorium,TRUE,NA,NA
2017,lowerauditorium,TRUE,NA,NA
2017,lowerauditorium,TRUE,NA,11-03-20
2017,lowerauditorium,TRUE,11-06-20,11-09-20
2017,lowerauditorium,TRUE,NA,NA
2017,lowerauditorium,TRUE,NA,NA
2017,lowerauditorium,TRUE,NA,NA
2017,lowerauditorium,TRUE,12-04-20,12-07-20
2017,lowerauditorium,TRUE,12-11-20,NA
2017,lowertablemountain,TRUE,NA,NA
2017,lowertablemountain,TRUE,12-11-20,NA
2017,middleauditorium,TRUE,10-03-20,10-06-20
2017,middleauditorium,TRUE,10-10-20,10-12-20
2017,middleauditorium,TRUE,NA,NA
2017,middleauditorium,TRUE,NA,NA
2017,middleauditorium,TRUE,NA,11-03-20
2017,middleauditorium,TRUE,11-06-20,11-09-20
2017,middleauditorium,TRUE,NA,NA
2017,middleauditorium,TRUE,NA,NA
2017,middleauditorium,TRUE,NA,NA
2017,middleauditorium,TRUE,12-04-20,12-07-20
2017,middleauditorium,TRUE,12-11-20,NA
2017,moessidechannel,TRUE,10-03-20,10-06-20
2017,moessidechannel,TRUE,10-10-20,10-12-20
2017,moessidechannel,TRUE,NA,NA
2017,moessidechannel,TRUE,NA,NA
2017,moessidechannel,TRUE,NA,11-03-20
2017,moessidechannel,TRUE,11-06-20,11-09-20
2017,moessidechannel,TRUE,NA,NA
2017,moessidechannel,TRUE,NA,NA
2017,moessidechannel,TRUE,NA,NA
2017,moessidechannel,TRUE,12-04-20,12-07-20
2017,moessidechannel,TRUE,12-11-20,NA
2017,tablemountain,TRUE,NA,NA
2017,tablemountain,TRUE,12-11-20,NA
2017,topofauditorium,TRUE,10-03-20,10-06-20
2017,topofauditorium,TRUE,10-10-20,10-12-20
2017,topofauditorium,TRUE,NA,NA
2017,topofauditorium,TRUE,NA,NA
2017,topofauditorium,TRUE,NA,11-03-20
2017,topofauditorium,TRUE,11-06-20,11-09-20
2017,topofauditorium,TRUE,NA,NA
2017,topofauditorium,TRUE,NA,NA
2017,topofauditorium,TRUE,NA,NA
2017,topofauditorium,TRUE,12-04-20,12-07-20
2017,topofauditorium,TRUE,12-11-20,NA
2017,topofhatchery,TRUE,10-03-20,10-06-20
2017,topofhatchery,TRUE,10-10-20,10-12-20
2017,topofhatchery,TRUE,NA,NA
2017,topofhatchery,TRUE,NA,NA
2017,topofhatchery,TRUE,NA,11-03-20
2017,topofhatchery,TRUE,11-06-20,11-09-20
2017,topofhatchery,TRUE,NA,NA
2017,topofhatchery,TRUE,NA,NA
2017,topofhatchery,TRUE,NA,NA
2017,topofhatchery,TRUE,12-04-20,12-07-20
2017,topofhatchery,TRUE,12-11-20,NA
2017,upperauditorium,TRUE,10-03-20,10-06-20
2017,upperauditorium,TRUE,10-10-20,10-12-20
2017,upperauditorium,TRUE,NA,NA
2017,upperauditorium,TRUE,NA,NA
2017,upperauditorium,TRUE,NA,11-03-20
2017,upperauditorium,TRUE,11-06-20,11-09-20
2017,upperauditorium,TRUE,NA,NA
2017,upperauditorium,TRUE,NA,NA
2017,upperauditorium,TRUE,NA,NA
2017,upperauditorium,TRUE,12-04-20,12-07-20
2017,upperauditorium,TRUE,12-11-20,NA
2017,uppercottonwood,TRUE,10-03-20,10-06-20
2017,uppercottonwood,TRUE,10-10-20,10-12-20
2017,uppercottonwood,TRUE,NA,NA
2017,uppercottonwood,TRUE,NA,NA
2017,uppercottonwood,TRUE,NA,11-03-20
2017,uppercottonwood,TRUE,11-06-20,11-09-20
2017,uppercottonwood,TRUE,NA,NA
2017,uppercottonwood,TRUE,NA,NA
2017,uppercottonwood,TRUE,NA,NA
2017,uppercottonwood,TRUE,12-04-20,12-07-20
2017,uppercottonwood,TRUE,12-11-20,NA
2017,upperhatchery,TRUE,10-03-20,10-06-20
2017,upperhatchery,TRUE,10-10-20,10-12-20
2017,upperhatchery,TRUE,NA,NA
2017,upperhatchery,TRUE,NA,NA
2017,upperhatchery,TRUE,NA,11-03-20
2017,upperhatchery,TRUE,11-06-20,11-09-20
2017,upperhatchery,TRUE,NA,NA
2017,upperhatchery,TRUE,NA,NA
2017,upperhatchery,TRUE,NA,NA
2017,upperhatchery,TRUE,12-04-20,12-07-20
2017,upperhatchery,TRUE,12-11-20,NA
2017,belowbigholeeast,TRUE,NA,NA
2017,belowbigholeeast,TRUE,NA,NA
2017,belowbigholeeast,TRUE,NA,NA
2017,belowbigholeeast,TRUE,12-11-20,NA
2017,bigbar,TRUE,NA,NA
2017,bigbar,TRUE,NA,NA
2017,bigbar,TRUE,NA,NA
2017,bigbar,TRUE,12-11-20,NA
2017,bigholeeast,TRUE,NA,NA
2017,bigholeeast,TRUE,NA,NA
2017,bigholeeast,TRUE,NA,NA
2017,bigholeeast,TRUE,12-11-20,NA
2017,bigholewest,TRUE,NA,NA
2017,bigholewest,TRUE,NA,NA
2017,bigholewest,TRUE,NA,NA
2017,bigholewest,TRUE,12-11-20,NA
2017,developing,TRUE,NA,NA
2017,developing,TRUE,NA,NA
2017,developing,TRUE,NA,NA
2017,developing,TRUE,12-11-20,NA
2017,g95eastsidechannelbottom,TRUE,NA,NA
2017,g95eastsidechannelbottom,TRUE,NA,NA
2017,g95eastsidechannelbottom,TRUE,NA,NA
2017,g95eastsidechannelbottom,TRUE,12-11-20,NA
2017,g95eastsidechanneltop,TRUE,NA,NA
2017,g95eastsidechanneltop,TRUE,NA,NA
2017,g95eastsidechanneltop,TRUE,NA,NA
2017,g95eastsidechanneltop,TRUE,12-11-20,NA
2017,g95main,TRUE,NA,NA
2017,g95main,TRUE,NA,NA
2017,g95main,TRUE,NA,NA
2017,g95main,TRUE,12-11-20,NA
2017,g95westsidechannel,TRUE,NA,NA
2017,g95westsidechannel,TRUE,NA,NA
2017,g95westsidechannel,TRUE,NA,NA
2017,g95westsidechannel,TRUE,12-11-20,NA
2017,goose,TRUE,NA,NA
2017,goose,TRUE,NA,NA
2017,goose,TRUE,NA,NA
2017,goose,TRUE,12-11-20,NA
2017,keister,TRUE,NA,NA
2017,keister,TRUE,NA,NA
2017,keister,TRUE,NA,NA
2017,keister,TRUE,12-11-20,NA
2017,lowerbig,TRUE,NA,NA
2017,lowerbig,TRUE,NA,NA
2017,lowerbig,TRUE,NA,NA
2017,lowerbig,TRUE,12-11-20,NA
2017,lowerhour,TRUE,NA,NA
2017,lowerhour,TRUE,NA,NA
2017,lowerhour,TRUE,NA,NA
2017,lowerhour,TRUE,12-11-20,NA
2017,lowermcfarland,TRUE,NA,NA
2017,lowermcfarland,TRUE,NA,NA
2017,lowermcfarland,TRUE,NA,NA
2017,lowermcfarland,TRUE,12-11-20,NA
2017,lowervanceeast,TRUE,NA,NA
2017,lowervanceeast,TRUE,NA,NA
2017,lowervanceeast,TRUE,NA,NA
2017,lowervanceeast,TRUE,12-11-20,NA
2017,palm,TRUE,NA,NA
2017,palm,TRUE,NA,NA
2017,palm,TRUE,NA,NA
2017,palm,TRUE,12-11-20,NA
2017,upperhour,TRUE,NA,NA
2017,upperhour,TRUE,NA,NA
2017,upperhour,TRUE,NA,NA
2017,upperhour,TRUE,12-11-20,NA
2017,uppermcfarland,TRUE,NA,NA
2017,uppermcfarland,TRUE,NA,NA
2017,uppermcfarland,TRUE,NA,NA
2017,uppermcfarland,TRUE,12-11-20,NA
2017,vanceeast,TRUE,NA,NA
2017,vanceeast,TRUE,NA,NA
2017,vanceeast,TRUE,NA,NA
2017,vanceeast,TRUE,12-11-20,NA
2017,vancewest,TRUE,NA,NA
2017,vancewest,TRUE,NA,NA
2017,vancewest,TRUE,NA,NA
2017,vancewest,TRUE,12-11-20,NA
2017,aleck,TRUE,10-03-20,10-06-20
2017,aleck,TRUE,10-10-20,10-12-20
2017,aleck,TRUE,NA,NA
2017,aleck,TRUE,NA,11-03-20
2017,aleck,TRUE,11-06-20,11-09-20
2017,aleck,TRUE,NA,NA
2017,aleck,TRUE,NA,NA
2017,aleck,TRUE,NA,NA
2017,aleck,TRUE,12-04-20,12-07-20
2017,aleck,TRUE,12-11-20,NA
2017,eyesidechannel,TRUE,10-03-20,10-06-20
2017,eyesidechannel,TRUE,10-10-20,10-12-20
2017,eyesidechannel,TRUE,NA,NA
2017,eyesidechannel,TRUE,NA,11-03-20
2017,eyesidechannel,TRUE,11-06-20,11-09-20
2017,eyesidechannel,TRUE,NA,NA
2017,eyesidechannel,TRUE,NA,NA
2017,eyesidechannel,TRUE,NA,NA
2017,eyesidechannel,TRUE,12-04-20,12-07-20
2017,eyesidechannel,TRUE,12-11-20,NA
2017,gateway,TRUE,10-03-20,10-06-20
2017,gateway,TRUE,10-10-20,10-12-20
2017,gateway,TRUE,NA,NA
2017,gateway,TRUE,NA,11-03-20
2017,gateway,TRUE,11-06-20,11-09-20
2017,gateway,TRUE,NA,NA
2017,gateway,TRUE,NA,NA
2017,gateway,TRUE,NA,NA
2017,gateway,TRUE,12-04-20,12-07-20
2017,gateway,TRUE,12-11-20,NA
2017,greatwestern,TRUE,10-03-20,10-06-20
2017,greatwestern,TRUE,10-10-20,10-12-20
2017,greatwestern,TRUE,NA,NA
2017,greatwestern,TRUE,NA,11-03-20
2017,greatwestern,TRUE,11-06-20,11-09-20
2017,greatwestern,TRUE,NA,NA
2017,greatwestern,TRUE,NA,NA
2017,greatwestern,TRUE,NA,NA
2017,greatwestern,TRUE,12-04-20,12-07-20
2017,greatwestern,TRUE,12-11-20,NA
2017,lowerrobinson,TRUE,10-03-20,10-06-20
2017,lowerrobinson,TRUE,10-10-20,10-12-20
2017,lowerrobinson,TRUE,NA,NA
2017,lowerrobinson,TRUE,NA,11-03-20
2017,lowerrobinson,TRUE,11-06-20,11-09-20
2017,lowerrobinson,TRUE,NA,NA
2017,lowerrobinson,TRUE,NA,NA
2017,lowerrobinson,TRUE,NA,NA
2017,lowerrobinson,TRUE,12-04-20,12-07-20
2017,lowerrobinson,TRUE,12-11-20,NA
2017,mathews,TRUE,10-03-20,10-06-20
2017,mathews,TRUE,10-10-20,10-12-20
2017,mathews,TRUE,NA,NA
2017,mathews,TRUE,NA,11-03-20
2017,mathews,TRUE,11-06-20,11-09-20
2017,mathews,TRUE,NA,NA
2017,mathews,TRUE,NA,NA
2017,mathews,TRUE,NA,NA
2017,mathews,TRUE,12-04-20,12-07-20
2017,mathews,TRUE,12-11-20,NA
2017,steep,TRUE,10-03-20,10-06-20
2017,steep,TRUE,10-10-20,10-12-20
2017,steep,TRUE,NA,NA
2017,steep,TRUE,NA,11-03-20
2017,steep,TRUE,11-06-20,11-09-20
2017,steep,TRUE,NA,NA
2017,steep,TRUE,NA,NA
2017,steep,TRUE,NA,NA
2017,steep,TRUE,12-04-20,12-07-20
2017,steep,TRUE,12-11-20,NA
2017,steepsidechannel,TRUE,10-03-20,10-06-20
2017,steepsidechannel,TRUE,10-10-20,10-12-20
2017,steepsidechannel,TRUE,NA,NA
2017,steepsidechannel,TRUE,NA,11-03-20
2017,steepsidechannel,TRUE,11-06-20,11-09-20
2017,steepsidechannel,TRUE,NA,NA
2017,steepsidechannel,TRUE,NA,NA
2017,steepsidechannel,TRUE,NA,NA
2017,steepsidechannel,TRUE,12-04-20,12-07-20
2017,steepsidechannel,TRUE,12-11-20,NA
2017,trailerpark,TRUE,10-03-20,10-06-20
2017,trailerpark,TRUE,10-10-20,10-12-20
2017,trailerpark,TRUE,NA,NA
2017,trailerpark,TRUE,NA,11-03-20
2017,trailerpark,TRUE,11-06-20,11-09-20
2017,trailerpark,TRUE,NA,NA
2017,trailerpark,TRUE,NA,NA
2017,trailerpark,TRUE,NA,NA
2017,trailerpark,TRUE,12-04-20,12-07-20
2017,trailerpark,TRUE,12-11-20,NA
2017,uppermathews,TRUE,10-03-20,10-06-20
2017,uppermathews,TRUE,10-10-20,10-12-20
2017,uppermathews,TRUE,NA,NA
2017,uppermathews,TRUE,NA,11-03-20
2017,uppermathews,TRUE,11-06-20,11-09-20
2017,uppermathews,TRUE,NA,NA
2017,uppermathews,TRUE,NA,NA
2017,uppermathews,TRUE,NA,NA
2017,uppermathews,TRUE,12-04-20,12-07-20
2017,uppermathews,TRUE,12-11-20,NA
2017,upperrobinson,TRUE,10-03-20,10-06-20
2017,upperrobinson,TRUE,10-10-20,10-12-20
2017,upperrobinson,TRUE,NA,NA
2017,upperrobinson,TRUE,NA,11-03-20
2017,upperrobinson,TRUE,11-06-20,11-09-20
2017,upperrobinson,TRUE,NA,NA
2017,upperrobinson,TRUE,NA,NA
2017,upperrobinson,TRUE,NA,NA
2017,upperrobinson,TRUE,12-04-20,12-07-20
2017,upperrobinson,TRUE,12-11-20,NA
2017,weir,TRUE,10-03-20,10-06-20
2017,weir,TRUE,10-10-20,10-12-20
2017,weir,TRUE,NA,NA
2017,weir,TRUE,NA,11-03-20
2017,weir,TRUE,11-06-20,11-09-20
2017,weir,TRUE,NA,NA
2017,weir,TRUE,NA,NA
2017,weir,TRUE,NA,NA
2017,weir,TRUE,12-04-20,12-07-20
2017,weir,TRUE,12-11-20,NA
2018,bedrock,TRUE,NA,NA
2018,bedrock,TRUE,NA,NA
2018,bedrock,TRUE,10-01-20,10-05-20
2018,bedrock,TRUE,NA,NA
2018,bedrock,TRUE,NA,NA
2018,bedrock,TRUE,NA,11-02-20
2018,bedrock,TRUE,11-06-20,11-07-20
2018,belowlowerauditorium,TRUE,NA,NA
2018,belowlowerauditorium,TRUE,NA,NA
2018,belowlowerauditorium,TRUE,10-01-20,10-05-20
2018,belowlowerauditorium,TRUE,NA,NA
2018,belowlowerauditorium,TRUE,NA,NA
2018,belowlowerauditorium,TRUE,NA,11-02-20
2018,belowlowerauditorium,TRUE,11-06-20,11-07-20
2018,cottonwood,TRUE,NA,NA
2018,cottonwood,TRUE,NA,NA
2018,cottonwood,TRUE,10-01-20,10-05-20
2018,cottonwood,TRUE,NA,NA
2018,cottonwood,TRUE,NA,NA
2018,cottonwood,TRUE,NA,11-02-20
2018,cottonwood,TRUE,11-06-20,11-07-20
2018,hatchery,TRUE,NA,NA
2018,hatchery,TRUE,NA,NA
2018,hatchery,TRUE,10-01-20,10-05-20
2018,hatchery,TRUE,NA,NA
2018,hatchery,TRUE,NA,NA
2018,hatchery,TRUE,NA,11-02-20
2018,hatchery,TRUE,11-06-20,11-07-20
2018,hatcherypipe,TRUE,NA,NA
2018,hatcherypipe,TRUE,NA,NA
2018,hatcherypipe,TRUE,10-01-20,10-05-20
2018,hatcherypipe,TRUE,NA,NA
2018,hatcherypipe,TRUE,NA,NA
2018,hatcherypipe,TRUE,NA,11-02-20
2018,hatcherypipe,TRUE,11-06-20,11-07-20
2018,hatcherysidechannel,TRUE,NA,NA
2018,hatcherysidechannel,TRUE,NA,NA
2018,hatcherysidechannel,TRUE,10-01-20,10-05-20
2018,hatcherysidechannel,TRUE,NA,NA
2018,hatcherysidechannel,TRUE,NA,NA
2018,hatcherysidechannel,TRUE,NA,11-02-20
2018,hatcherysidechannel,TRUE,11-06-20,11-07-20
2018,lowerauditorium,TRUE,NA,NA
2018,lowerauditorium,TRUE,NA,NA
2018,lowerauditorium,TRUE,10-01-20,10-05-20
2018,lowerauditorium,TRUE,NA,NA
2018,lowerauditorium,TRUE,NA,NA
2018,lowerauditorium,TRUE,NA,11-02-20
2018,lowerauditorium,TRUE,11-06-20,11-07-20
2018,lowertablemountain,TRUE,NA,NA
2018,lowertablemountain,TRUE,NA,NA
2018,lowertablemountain,TRUE,10-01-20,10-05-20
2018,lowertablemountain,TRUE,NA,NA
2018,lowertablemountain,TRUE,NA,NA
2018,lowertablemountain,TRUE,NA,11-02-20
2018,lowertablemountain,TRUE,11-06-20,11-07-20
2018,middleauditorium,TRUE,NA,NA
2018,middleauditorium,TRUE,NA,NA
2018,middleauditorium,TRUE,10-01-20,10-05-20
2018,middleauditorium,TRUE,NA,NA
2018,middleauditorium,TRUE,NA,NA
2018,middleauditorium,TRUE,NA,11-02-20
2018,middleauditorium,TRUE,11-06-20,11-07-20
2018,moessidechannel,TRUE,NA,NA
2018,moessidechannel,TRUE,NA,NA
2018,moessidechannel,TRUE,10-01-20,10-05-20
2018,moessidechannel,TRUE,NA,NA
2018,moessidechannel,TRUE,NA,NA
2018,moessidechannel,TRUE,NA,11-02-20
2018,moessidechannel,TRUE,11-06-20,11-07-20
2018,tablemountain,TRUE,NA,NA
2018,tablemountain,TRUE,NA,NA
2018,tablemountain,TRUE,10-01-20,10-05-20
2018,tablemountain,TRUE,NA,NA
2018,tablemountain,TRUE,NA,NA
2018,tablemountain,TRUE,NA,11-02-20
2018,tablemountain,TRUE,11-06-20,11-07-20
2018,topofauditorium,TRUE,NA,NA
2018,topofauditorium,TRUE,NA,NA
2018,topofauditorium,TRUE,10-01-20,10-05-20
2018,topofauditorium,TRUE,NA,NA
2018,topofauditorium,TRUE,NA,NA
2018,topofauditorium,TRUE,NA,11-02-20
2018,topofauditorium,TRUE,11-06-20,11-07-20
2018,topofhatchery,FALSE,NA,NA
2018,upperauditorium,TRUE,NA,NA
2018,upperauditorium,TRUE,NA,NA
2018,upperauditorium,TRUE,10-01-20,10-05-20
2018,upperauditorium,TRUE,NA,NA
2018,upperauditorium,TRUE,NA,NA
2018,upperauditorium,TRUE,NA,11-02-20
2018,upperauditorium,TRUE,11-06-20,11-07-20
2018,uppercottonwood,TRUE,NA,NA
2018,uppercottonwood,TRUE,NA,NA
2018,uppercottonwood,TRUE,10-01-20,10-05-20
2018,uppercottonwood,TRUE,NA,NA
2018,uppercottonwood,TRUE,NA,NA
2018,uppercottonwood,TRUE,NA,11-02-20
2018,uppercottonwood,TRUE,11-06-20,11-07-20
2018,upperhatchery,TRUE,NA,NA
2018,upperhatchery,TRUE,NA,NA
2018,upperhatchery,TRUE,10-01-20,10-05-20
2018,upperhatchery,TRUE,NA,NA
2018,upperhatchery,TRUE,NA,NA
2018,upperhatchery,TRUE,NA,11-02-20
2018,upperhatchery,TRUE,11-06-20,11-07-20
2018,belowbigholeeast,TRUE,NA,NA
2018,belowbigholeeast,TRUE,10-01-20,10-05-20
2018,belowbigholeeast,TRUE,10-08-20,10-12-20
2018,belowbigholeeast,TRUE,NA,NA
2018,belowbigholeeast,TRUE,NA,11-02-20
2018,belowbigholeeast,TRUE,NA,NA
2018,belowbigholeeast,TRUE,NA,NA
2018,bigbar,TRUE,NA,NA
2018,bigbar,TRUE,10-01-20,10-05-20
2018,bigbar,TRUE,10-08-20,10-12-20
2018,bigbar,TRUE,NA,NA
2018,bigbar,TRUE,NA,11-02-20
2018,bigbar,TRUE,NA,NA
2018,bigbar,TRUE,NA,NA
2018,bigholeeast,TRUE,NA,NA
2018,bigholeeast,TRUE,10-01-20,10-05-20
2018,bigholeeast,TRUE,10-08-20,10-12-20
2018,bigholeeast,TRUE,NA,NA
2018,bigholeeast,TRUE,NA,11-02-20
2018,bigholeeast,TRUE,NA,NA
2018,bigholeeast,TRUE,NA,NA
2018,bigholewest,TRUE,NA,NA
2018,bigholewest,TRUE,10-01-20,10-05-20
2018,bigholewest,TRUE,10-08-20,10-12-20
2018,bigholewest,TRUE,NA,NA
2018,bigholewest,TRUE,NA,11-02-20
2018,bigholewest,TRUE,NA,NA
2018,bigholewest,TRUE,NA,NA
2018,developing,TRUE,NA,NA
2018,developing,TRUE,10-01-20,10-05-20
2018,developing,TRUE,10-08-20,10-12-20
2018,developing,TRUE,NA,NA
2018,developing,TRUE,NA,11-02-20
2018,developing,TRUE,NA,NA
2018,developing,TRUE,NA,NA
2018,g95eastsidechannelbottom,TRUE,NA,NA
2018,g95eastsidechannelbottom,TRUE,10-01-20,10-05-20
2018,g95eastsidechannelbottom,TRUE,10-08-20,10-12-20
2018,g95eastsidechannelbottom,TRUE,NA,NA
2018,g95eastsidechannelbottom,TRUE,NA,11-02-20
2018,g95eastsidechannelbottom,TRUE,NA,NA
2018,g95eastsidechannelbottom,TRUE,NA,NA
2018,g95eastsidechanneltop,TRUE,NA,NA
2018,g95eastsidechanneltop,TRUE,10-01-20,10-05-20
2018,g95eastsidechanneltop,TRUE,10-08-20,10-12-20
2018,g95eastsidechanneltop,TRUE,NA,NA
2018,g95eastsidechanneltop,TRUE,NA,11-02-20
2018,g95eastsidechanneltop,TRUE,NA,NA
2018,g95eastsidechanneltop,TRUE,NA,NA
2018,g95main,TRUE,NA,NA
2018,g95main,TRUE,10-01-20,10-05-20
2018,g95main,TRUE,10-08-20,10-12-20
2018,g95main,TRUE,NA,NA
2018,g95main,TRUE,NA,11-02-20
2018,g95main,TRUE,NA,NA
2018,g95main,TRUE,NA,NA
2018,g95westsidechannel,TRUE,NA,NA
2018,g95westsidechannel,TRUE,10-01-20,10-05-20
2018,g95westsidechannel,TRUE,10-08-20,10-12-20
2018,g95westsidechannel,TRUE,NA,NA
2018,g95westsidechannel,TRUE,NA,11-02-20
2018,g95westsidechannel,TRUE,NA,NA
2018,g95westsidechannel,TRUE,NA,NA
2018,goose,TRUE,NA,NA
2018,goose,TRUE,10-01-20,10-05-20
2018,goose,TRUE,10-08-20,10-12-20
2018,goose,TRUE,NA,NA
2018,goose,TRUE,NA,11-02-20
2018,goose,TRUE,NA,NA
2018,goose,TRUE,NA,NA
2018,keister,TRUE,NA,NA
2018,keister,TRUE,10-01-20,10-05-20
2018,keister,TRUE,10-08-20,10-12-20
2018,keister,TRUE,NA,NA
2018,keister,TRUE,NA,11-02-20
2018,keister,TRUE,NA,NA
2018,keister,TRUE,NA,NA
2018,lowerbig,TRUE,NA,NA
2018,lowerbig,TRUE,10-01-20,10-05-20
2018,lowerbig,TRUE,10-08-20,10-12-20
2018,lowerbig,TRUE,NA,NA
2018,lowerbig,TRUE,NA,11-02-20
2018,lowerbig,TRUE,NA,NA
2018,lowerbig,TRUE,NA,NA
2018,lowerhour,TRUE,NA,NA
2018,lowerhour,TRUE,10-01-20,10-05-20
2018,lowerhour,TRUE,10-08-20,10-12-20
2018,lowerhour,TRUE,NA,NA
2018,lowerhour,TRUE,NA,11-02-20
2018,lowerhour,TRUE,NA,NA
2018,lowerhour,TRUE,NA,NA
2018,lowermcfarland,TRUE,NA,NA
2018,lowermcfarland,TRUE,10-01-20,10-05-20
2018,lowermcfarland,TRUE,10-08-20,10-12-20
2018,lowermcfarland,TRUE,NA,NA
2018,lowermcfarland,TRUE,NA,11-02-20
2018,lowermcfarland,TRUE,NA,NA
2018,lowermcfarland,TRUE,NA,NA
2018,lowervanceeast,TRUE,NA,NA
2018,lowervanceeast,TRUE,10-01-20,10-05-20
2018,lowervanceeast,TRUE,10-08-20,10-12-20
2018,lowervanceeast,TRUE,NA,NA
2018,lowervanceeast,TRUE,NA,11-02-20
2018,lowervanceeast,TRUE,NA,NA
2018,lowervanceeast,TRUE,NA,NA
2018,palm,TRUE,NA,NA
2018,palm,TRUE,10-01-20,10-05-20
2018,palm,TRUE,10-08-20,10-12-20
2018,palm,TRUE,NA,NA
2018,palm,TRUE,NA,11-02-20
2018,palm,TRUE,NA,NA
2018,palm,TRUE,NA,NA
2018,upperhour,TRUE,NA,NA
2018,upperhour,TRUE,10-01-20,10-05-20
2018,upperhour,TRUE,10-08-20,10-12-20
2018,upperhour,TRUE,NA,NA
2018,upperhour,TRUE,NA,11-02-20
2018,upperhour,TRUE,NA,NA
2018,upperhour,TRUE,NA,NA
2018,uppermcfarland,TRUE,NA,NA
2018,uppermcfarland,TRUE,10-01-20,10-05-20
2018,uppermcfarland,TRUE,10-08-20,10-12-20
2018,uppermcfarland,TRUE,NA,NA
2018,uppermcfarland,TRUE,NA,11-02-20
2018,uppermcfarland,TRUE,NA,NA
2018,uppermcfarland,TRUE,NA,NA
2018,vanceeast,TRUE,NA,NA
2018,vanceeast,TRUE,10-01-20,10-05-20
2018,vanceeast,TRUE,10-08-20,10-12-20
2018,vanceeast,TRUE,NA,NA
2018,vanceeast,TRUE,NA,11-02-20
2018,vanceeast,TRUE,NA,NA
2018,vanceeast,TRUE,NA,NA
2018,vancewest,TRUE,NA,NA
2018,vancewest,TRUE,10-01-20,10-05-20
2018,vancewest,TRUE,10-08-20,10-12-20
2018,vancewest,TRUE,NA,NA
2018,vancewest,TRUE,NA,11-02-20
2018,vancewest,TRUE,NA,NA
2018,vancewest,TRUE,NA,NA
2018,aleck,TRUE,NA,NA
2018,aleck,TRUE,10-01-20,10-05-20
2018,aleck,TRUE,10-08-20,10-12-20
2018,aleck,TRUE,NA,11-02-20
2018,aleck,TRUE,11-06-20,11-07-20
2018,eyesidechannel,TRUE,NA,NA
2018,eyesidechannel,TRUE,10-01-20,10-05-20
2018,eyesidechannel,TRUE,10-08-20,10-12-20
2018,eyesidechannel,TRUE,NA,11-02-20
2018,eyesidechannel,TRUE,11-06-20,11-07-20
2018,gateway,TRUE,NA,NA
2018,gateway,TRUE,10-01-20,10-05-20
2018,gateway,TRUE,10-08-20,10-12-20
2018,gateway,TRUE,NA,11-02-20
2018,gateway,TRUE,11-06-20,11-07-20
2018,lowerrobinson,TRUE,NA,NA
2018,lowerrobinson,TRUE,10-01-20,10-05-20
2018,lowerrobinson,TRUE,10-08-20,10-12-20
2018,lowerrobinson,TRUE,NA,11-02-20
2018,lowerrobinson,TRUE,11-06-20,11-07-20
2018,mathews,TRUE,NA,NA
2018,mathews,TRUE,10-01-20,10-05-20
2018,mathews,TRUE,10-08-20,10-12-20
2018,mathews,TRUE,NA,11-02-20
2018,mathews,TRUE,11-06-20,11-07-20
2018,steep,TRUE,NA,NA
2018,steep,TRUE,10-01-20,10-05-20
2018,steep,TRUE,10-08-20,10-12-20
2018,steep,TRUE,NA,11-02-20
2018,steep,TRUE,11-06-20,11-07-20
2018,trailerpark,TRUE,NA,NA
2018,trailerpark,TRUE,10-01-20,10-05-20
2018,trailerpark,TRUE,10-08-20,10-12-20
2018,trailerpark,TRUE,NA,11-02-20
2018,trailerpark,TRUE,11-06-20,11-07-20
2018,greatwestern,TRUE,NA,NA
2018,greatwestern,TRUE,10-01-20,10-05-20
2018,greatwestern,TRUE,10-08-20,10-12-20
2018,greatwestern,TRUE,NA,11-02-20
2018,greatwestern,TRUE,11-06-20,11-07-20
2018,upperrobinson,TRUE,NA,NA
2018,upperrobinson,TRUE,10-01-20,10-05-20
2018,upperrobinson,TRUE,10-08-20,10-12-20
2018,upperrobinson,TRUE,NA,11-02-20
2018,upperrobinson,TRUE,11-06-20,11-07-20
2018,weir,TRUE,NA,NA
2018,weir,TRUE,10-01-20,10-05-20
2018,weir,TRUE,10-08-20,10-12-20
2018,weir,TRUE,NA,11-02-20
2018,weir,TRUE,11-06-20,11-07-20
2019,bedrock,TRUE,9-03-20,9-06-20
2019,bedrock,TRUE,9-09-20,9-09-20
2019,bedrock,TRUE,NA,NA
2019,bedrock,TRUE,NA,NA
2019,bedrock,TRUE,NA,10-04-20
2019,bedrock,TRUE,10-07-20,10-11-20
2019,bedrock,TRUE,NA,NA
2019,bedrock,TRUE,NA,NA
2019,bedrock,TRUE,NA,11-01-20
2019,bedrock,TRUE,11-04-20,11-07-20
2019,bedrock,TRUE,11-12-20,NA
2019,belowlowerauditorium,TRUE,9-03-20,9-06-20
2019,belowlowerauditorium,TRUE,9-09-20,9-09-20
2019,belowlowerauditorium,TRUE,NA,NA
2019,belowlowerauditorium,TRUE,NA,NA
2019,belowlowerauditorium,TRUE,NA,10-04-20
2019,belowlowerauditorium,TRUE,10-07-20,10-11-20
2019,belowlowerauditorium,TRUE,NA,NA
2019,belowlowerauditorium,TRUE,NA,NA
2019,belowlowerauditorium,TRUE,NA,11-01-20
2019,belowlowerauditorium,TRUE,11-04-20,11-07-20
2019,belowlowerauditorium,TRUE,11-12-20,NA
2019,cottonwood,TRUE,9-03-20,9-06-20
2019,cottonwood,TRUE,9-09-20,9-09-20
2019,cottonwood,TRUE,NA,NA
2019,cottonwood,TRUE,NA,NA
2019,cottonwood,TRUE,NA,10-04-20
2019,cottonwood,TRUE,10-07-20,10-11-20
2019,cottonwood,TRUE,NA,NA
2019,cottonwood,TRUE,NA,NA
2019,cottonwood,TRUE,NA,11-01-20
2019,cottonwood,TRUE,11-04-20,11-07-20
2019,cottonwood,TRUE,11-12-20,NA
2019,hatchery,TRUE,9-03-20,9-06-20
2019,hatchery,TRUE,9-09-20,9-09-20
2019,hatchery,TRUE,NA,NA
2019,hatchery,TRUE,NA,NA
2019,hatchery,TRUE,NA,10-04-20
2019,hatchery,TRUE,10-07-20,10-11-20
2019,hatchery,TRUE,NA,NA
2019,hatchery,TRUE,NA,NA
2019,hatchery,TRUE,NA,11-01-20
2019,hatchery,TRUE,11-04-20,11-07-20
2019,hatchery,TRUE,11-12-20,NA
2019,hatcherypipe,TRUE,9-03-20,9-06-20
2019,hatcherypipe,TRUE,9-09-20,9-09-20
2019,hatcherypipe,TRUE,NA,NA
2019,hatcherypipe,TRUE,NA,NA
2019,hatcherypipe,TRUE,NA,10-04-20
2019,hatcherypipe,TRUE,10-07-20,10-11-20
2019,hatcherypipe,TRUE,NA,NA
2019,hatcherypipe,TRUE,NA,NA
2019,hatcherypipe,TRUE,NA,11-01-20
2019,hatcherypipe,TRUE,11-04-20,11-07-20
2019,hatcherypipe,TRUE,11-12-20,NA
2019,hatcherysidechannel,TRUE,9-03-20,9-06-20
2019,hatcherysidechannel,TRUE,9-09-20,9-09-20
2019,hatcherysidechannel,TRUE,NA,NA
2019,hatcherysidechannel,TRUE,NA,NA
2019,hatcherysidechannel,TRUE,NA,10-04-20
2019,hatcherysidechannel,TRUE,10-07-20,10-11-20
2019,hatcherysidechannel,TRUE,NA,NA
2019,hatcherysidechannel,TRUE,NA,NA
2019,hatcherysidechannel,TRUE,NA,11-01-20
2019,hatcherysidechannel,TRUE,11-04-20,11-07-20
2019,hatcherysidechannel,TRUE,11-12-20,NA
2019,lowerauditorium,TRUE,9-03-20,9-06-20
2019,lowerauditorium,TRUE,9-09-20,9-09-20
2019,lowerauditorium,TRUE,NA,NA
2019,lowerauditorium,TRUE,NA,NA
2019,lowerauditorium,TRUE,NA,10-04-20
2019,lowerauditorium,TRUE,10-07-20,10-11-20
2019,lowerauditorium,TRUE,NA,NA
2019,lowerauditorium,TRUE,NA,NA
2019,lowerauditorium,TRUE,NA,11-01-20
2019,lowerauditorium,TRUE,11-04-20,11-07-20
2019,lowerauditorium,TRUE,11-12-20,NA
2019,lowertablemountain,TRUE,9-03-20,9-06-20
2019,lowertablemountain,TRUE,9-09-20,9-09-20
2019,lowertablemountain,TRUE,NA,NA
2019,lowertablemountain,TRUE,NA,NA
2019,lowertablemountain,TRUE,NA,10-04-20
2019,lowertablemountain,TRUE,10-07-20,10-11-20
2019,lowertablemountain,TRUE,NA,NA
2019,lowertablemountain,TRUE,NA,NA
2019,lowertablemountain,TRUE,NA,11-01-20
2019,lowertablemountain,TRUE,11-04-20,11-07-20
2019,lowertablemountain,TRUE,11-12-20,NA
2019,middleauditorium,TRUE,9-03-20,9-06-20
2019,middleauditorium,TRUE,9-09-20,9-09-20
2019,middleauditorium,TRUE,NA,NA
2019,middleauditorium,TRUE,NA,NA
2019,middleauditorium,TRUE,NA,10-04-20
2019,middleauditorium,TRUE,10-07-20,10-11-20
2019,middleauditorium,TRUE,NA,NA
2019,middleauditorium,TRUE,NA,NA
2019,middleauditorium,TRUE,NA,11-01-20
2019,middleauditorium,TRUE,11-04-20,11-07-20
2019,middleauditorium,TRUE,11-12-20,NA
2019,moessidechannel,TRUE,9-03-20,9-06-20
2019,moessidechannel,TRUE,9-09-20,9-09-20
2019,moessidechannel,TRUE,NA,NA
2019,moessidechannel,TRUE,NA,NA
2019,moessidechannel,TRUE,NA,10-04-20
2019,moessidechannel,TRUE,10-07-20,10-11-20
2019,moessidechannel,TRUE,NA,NA
2019,moessidechannel,TRUE,NA,NA
2019,moessidechannel,TRUE,NA,11-01-20
2019,moessidechannel,TRUE,11-04-20,11-07-20
2019,moessidechannel,TRUE,11-12-20,NA
2019,tablemountain,TRUE,9-03-20,9-06-20
2019,tablemountain,TRUE,9-09-20,9-09-20
2019,tablemountain,TRUE,NA,NA
2019,tablemountain,TRUE,NA,NA
2019,tablemountain,TRUE,NA,10-04-20
2019,tablemountain,TRUE,10-07-20,10-11-20
2019,tablemountain,TRUE,NA,NA
2019,tablemountain,TRUE,NA,NA
2019,tablemountain,TRUE,NA,11-01-20
2019,tablemountain,TRUE,11-04-20,11-07-20
2019,tablemountain,TRUE,11-12-20,NA
2019,topofauditorium,TRUE,9-03-20,9-06-20
2019,topofauditorium,TRUE,9-09-20,9-09-20
2019,topofauditorium,TRUE,NA,NA
2019,topofauditorium,TRUE,NA,NA
2019,topofauditorium,TRUE,NA,10-04-20
2019,topofauditorium,TRUE,10-07-20,10-11-20
2019,topofauditorium,TRUE,NA,NA
2019,topofauditorium,TRUE,NA,NA
2019,topofauditorium,TRUE,NA,11-01-20
2019,topofauditorium,TRUE,11-04-20,11-07-20
2019,topofauditorium,TRUE,11-12-20,NA
2019,topofhatchery,TRUE,NA,NA
2019,upperauditorium,TRUE,9-03-20,9-06-20
2019,upperauditorium,TRUE,9-09-20,9-09-20
2019,upperauditorium,TRUE,NA,NA
2019,upperauditorium,TRUE,NA,NA
2019,upperauditorium,TRUE,NA,10-04-20
2019,upperauditorium,TRUE,10-07-20,10-11-20
2019,upperauditorium,TRUE,NA,NA
2019,upperauditorium,TRUE,NA,NA
2019,upperauditorium,TRUE,NA,11-01-20
2019,upperauditorium,TRUE,11-04-20,11-07-20
2019,upperauditorium,TRUE,11-12-20,NA
2019,uppercottonwood,TRUE,9-03-20,9-06-20
2019,uppercottonwood,TRUE,9-09-20,9-09-20
2019,uppercottonwood,TRUE,NA,NA
2019,uppercottonwood,TRUE,NA,NA
2019,uppercottonwood,TRUE,NA,10-04-20
2019,uppercottonwood,TRUE,10-07-20,10-11-20
2019,uppercottonwood,TRUE,NA,NA
2019,uppercottonwood,TRUE,NA,NA
2019,uppercottonwood,TRUE,NA,11-01-20
2019,uppercottonwood,TRUE,11-04-20,11-07-20
2019,uppercottonwood,TRUE,11-12-20,NA
2019,upperhatchery,TRUE,9-03-20,9-06-20
2019,upperhatchery,TRUE,9-09-20,9-09-20
2019,upperhatchery,TRUE,NA,NA
2019,upperhatchery,TRUE,NA,NA
2019,upperhatchery,TRUE,NA,10-04-20
2019,upperhatchery,TRUE,10-07-20,10-11-20
2019,upperhatchery,TRUE,NA,NA
2019,upperhatchery,TRUE,NA,NA
2019,upperhatchery,TRUE,NA,11-01-20
2019,upperhatchery,TRUE,11-04-20,11-07-20
2019,upperhatchery,TRUE,11-12-20,NA
2019,belowbigholeeast,TRUE,NA,NA
2019,belowbigholeeast,TRUE,NA,NA
2019,belowbigholeeast,TRUE,NA,10-04-20
2019,belowbigholeeast,TRUE,10-07-20,10-11-20
2019,belowbigholeeast,TRUE,NA,NA
2019,belowbigholeeast,TRUE,NA,11-01-20
2019,belowbigholeeast,TRUE,NA,NA
2019,bigbar,TRUE,NA,NA
2019,bigbar,TRUE,NA,NA
2019,bigbar,TRUE,NA,10-04-20
2019,bigbar,TRUE,10-07-20,10-11-20
2019,bigbar,TRUE,NA,NA
2019,bigbar,TRUE,NA,11-01-20
2019,bigbar,TRUE,NA,NA
2019,bigholeeast,TRUE,NA,NA
2019,bigholeeast,TRUE,NA,NA
2019,bigholeeast,TRUE,NA,10-04-20
2019,bigholeeast,TRUE,10-07-20,10-11-20
2019,bigholeeast,TRUE,NA,NA
2019,bigholeeast,TRUE,NA,11-01-20
2019,bigholeeast,TRUE,NA,NA
2019,bigholewest,TRUE,NA,NA
2019,bigholewest,TRUE,NA,NA
2019,bigholewest,TRUE,NA,10-04-20
2019,bigholewest,TRUE,10-07-20,10-11-20
2019,bigholewest,TRUE,NA,NA
2019,bigholewest,TRUE,NA,11-01-20
2019,bigholewest,TRUE,NA,NA
2019,developing,TRUE,NA,NA
2019,developing,TRUE,NA,NA
2019,developing,TRUE,NA,10-04-20
2019,developing,TRUE,10-07-20,10-11-20
2019,developing,TRUE,NA,NA
2019,developing,TRUE,NA,11-01-20
2019,developing,TRUE,NA,NA
2019,g95eastsidechannelbottom,TRUE,NA,NA
2019,g95eastsidechannelbottom,TRUE,NA,NA
2019,g95eastsidechannelbottom,TRUE,NA,10-04-20
2019,g95eastsidechannelbottom,TRUE,10-07-20,10-11-20
2019,g95eastsidechannelbottom,TRUE,NA,NA
2019,g95eastsidechannelbottom,TRUE,NA,11-01-20
2019,g95eastsidechannelbottom,TRUE,NA,NA
2019,g95eastsidechanneltop,TRUE,NA,NA
2019,g95eastsidechanneltop,TRUE,NA,NA
2019,g95eastsidechanneltop,TRUE,NA,10-04-20
2019,g95eastsidechanneltop,TRUE,10-07-20,10-11-20
2019,g95eastsidechanneltop,TRUE,NA,NA
2019,g95eastsidechanneltop,TRUE,NA,11-01-20
2019,g95eastsidechanneltop,TRUE,NA,NA
2019,g95main,TRUE,NA,NA
2019,g95main,TRUE,NA,NA
2019,g95main,TRUE,NA,10-04-20
2019,g95main,TRUE,10-07-20,10-11-20
2019,g95main,TRUE,NA,NA
2019,g95main,TRUE,NA,11-01-20
2019,g95main,TRUE,NA,NA
2019,g95westsidechannel,TRUE,NA,NA
2019,g95westsidechannel,TRUE,NA,NA
2019,g95westsidechannel,TRUE,NA,10-04-20
2019,g95westsidechannel,TRUE,10-07-20,10-11-20
2019,g95westsidechannel,TRUE,NA,NA
2019,g95westsidechannel,TRUE,NA,11-01-20
2019,g95westsidechannel,TRUE,NA,NA
2019,goose,TRUE,NA,NA
2019,goose,TRUE,NA,NA
2019,goose,TRUE,NA,10-04-20
2019,goose,TRUE,10-07-20,10-11-20
2019,goose,TRUE,NA,NA
2019,goose,TRUE,NA,11-01-20
2019,goose,TRUE,NA,NA
2019,keister,TRUE,NA,NA
2019,keister,TRUE,NA,NA
2019,keister,TRUE,NA,10-04-20
2019,keister,TRUE,10-07-20,10-11-20
2019,keister,TRUE,NA,NA
2019,keister,TRUE,NA,11-01-20
2019,keister,TRUE,NA,NA
2019,lowerbig,TRUE,NA,NA
2019,lowerbig,TRUE,NA,NA
2019,lowerbig,TRUE,NA,10-04-20
2019,lowerbig,TRUE,10-07-20,10-11-20
2019,lowerbig,TRUE,NA,NA
2019,lowerbig,TRUE,NA,11-01-20
2019,lowerbig,TRUE,NA,NA
2019,lowerhour,TRUE,NA,NA
2019,lowerhour,TRUE,NA,NA
2019,lowerhour,TRUE,NA,10-04-20
2019,lowerhour,TRUE,10-07-20,10-11-20
2019,lowerhour,TRUE,NA,NA
2019,lowerhour,TRUE,NA,11-01-20
2019,lowerhour,TRUE,NA,NA
2019,lowermcfarland,TRUE,NA,NA
2019,lowermcfarland,TRUE,NA,NA
2019,lowermcfarland,TRUE,NA,10-04-20
2019,lowermcfarland,TRUE,10-07-20,10-11-20
2019,lowermcfarland,TRUE,NA,NA
2019,lowermcfarland,TRUE,NA,11-01-20
2019,lowermcfarland,TRUE,NA,NA
2019,lowervanceeast,TRUE,NA,NA
2019,lowervanceeast,TRUE,NA,NA
2019,lowervanceeast,TRUE,NA,10-04-20
2019,lowervanceeast,TRUE,10-07-20,10-11-20
2019,lowervanceeast,TRUE,NA,NA
2019,lowervanceeast,TRUE,NA,11-01-20
2019,lowervanceeast,TRUE,NA,NA
2019,palm,TRUE,NA,NA
2019,palm,TRUE,NA,NA
2019,palm,TRUE,NA,10-04-20
2019,palm,TRUE,10-07-20,10-11-20
2019,palm,TRUE,NA,NA
2019,palm,TRUE,NA,11-01-20
2019,palm,TRUE,NA,NA
2019,upperhour,TRUE,NA,NA
2019,upperhour,TRUE,NA,NA
2019,upperhour,TRUE,NA,10-04-20
2019,upperhour,TRUE,10-07-20,10-11-20
2019,upperhour,TRUE,NA,NA
2019,upperhour,TRUE,NA,11-01-20
2019,upperhour,TRUE,NA,NA
2019,uppermcfarland,TRUE,NA,NA
2019,uppermcfarland,TRUE,NA,NA
2019,uppermcfarland,TRUE,NA,10-04-20
2019,uppermcfarland,TRUE,10-07-20,10-11-20
2019,uppermcfarland,TRUE,NA,NA
2019,uppermcfarland,TRUE,NA,11-01-20
2019,uppermcfarland,TRUE,NA,NA
2019,vanceeast,TRUE,NA,NA
2019,vanceeast,TRUE,NA,NA
2019,vanceeast,TRUE,NA,10-04-20
2019,vanceeast,TRUE,10-07-20,10-11-20
2019,vanceeast,TRUE,NA,NA
2019,vanceeast,TRUE,NA,11-01-20
2019,vanceeast,TRUE,NA,NA
2019,vancewest,TRUE,NA,NA
2019,vancewest,TRUE,NA,NA
2019,vancewest,TRUE,NA,10-04-20
2019,vancewest,TRUE,10-07-20,10-11-20
2019,vancewest,TRUE,NA,NA
2019,vancewest,TRUE,NA,11-01-20
2019,vancewest,TRUE,NA,NA
2019,aleck,TRUE,NA,NA
2019,aleck,TRUE,NA,10-04-20
2019,aleck,TRUE,10-07-20,10-11-20
2019,aleck,TRUE,NA,NA
2019,aleck,TRUE,NA,11-01-20
2019,aleck,TRUE,11-04-20,11-07-20
2019,aleck,TRUE,11-12-20,NA
2019,eyesidechannel,TRUE,NA,NA
2019,eyesidechannel,TRUE,NA,10-04-20
2019,eyesidechannel,TRUE,10-07-20,10-11-20
2019,eyesidechannel,TRUE,NA,NA
2019,eyesidechannel,TRUE,NA,11-01-20
2019,eyesidechannel,TRUE,11-04-20,11-07-20
2019,eyesidechannel,TRUE,11-12-20,NA
2019,eyesidechannel,TRUE,NA,NA
2019,gateway,TRUE,NA,NA
2019,gateway,TRUE,NA,10-04-20
2019,gateway,TRUE,10-07-20,10-11-20
2019,gateway,TRUE,NA,NA
2019,gateway,TRUE,NA,11-01-20
2019,gateway,TRUE,11-04-20,11-07-20
2019,gateway,TRUE,11-12-20,NA
2019,gateway,TRUE,NA,NA
2019,lowerrobinson,TRUE,NA,NA
2019,lowerrobinson,TRUE,NA,10-04-20
2019,lowerrobinson,TRUE,10-07-20,10-11-20
2019,lowerrobinson,TRUE,NA,NA
2019,lowerrobinson,TRUE,NA,11-01-20
2019,lowerrobinson,TRUE,11-04-20,11-07-20
2019,lowerrobinson,TRUE,11-12-20,NA
2019,lowerrobinson,TRUE,NA,NA
2019,mathews,TRUE,NA,NA
2019,mathews,TRUE,NA,10-04-20
2019,mathews,TRUE,10-07-20,10-11-20
2019,mathews,TRUE,NA,NA
2019,mathews,TRUE,NA,11-01-20
2019,mathews,TRUE,11-04-20,11-07-20
2019,mathews,TRUE,11-12-20,NA
2019,mathews,TRUE,NA,NA
2019,steep,TRUE,NA,NA
2019,steep,TRUE,NA,10-04-20
2019,steep,TRUE,10-07-20,10-11-20
2019,steep,TRUE,NA,NA
2019,steep,TRUE,NA,11-01-20
2019,steep,TRUE,11-04-20,11-07-20
2019,steep,TRUE,11-12-20,NA
2019,steep,TRUE,NA,NA
2019,trailerpark,TRUE,NA,NA
2019,trailerpark,TRUE,NA,NA
2019,trailerpark,TRUE,NA,10-04-20
2019,trailerpark,TRUE,10-07-20,10-11-20
2019,trailerpark,TRUE,NA,NA
2019,trailerpark,TRUE,NA,NA
2019,trailerpark,TRUE,NA,11-01-20
2019,trailerpark,TRUE,11-04-20,11-07-20
2019,trailerpark,TRUE,11-12-20,NA
2019,trailerpark,TRUE,NA,NA
2019,greatwestern,TRUE,NA,NA
2019,greatwestern,TRUE,NA,10-04-20
2019,greatwestern,TRUE,10-07-20,10-11-20
2019,greatwestern,TRUE,NA,NA
2019,greatwestern,TRUE,NA,11-01-20
2019,greatwestern,TRUE,11-04-20,11-07-20
2019,greatwestern,TRUE,11-12-20,NA
2019,greatwestern,TRUE,NA,NA
2019,upperrobinson,TRUE,NA,NA
2019,upperrobinson,TRUE,NA,10-04-20
2019,upperrobinson,TRUE,10-07-20,10-11-20
2019,upperrobinson,TRUE,NA,NA
2019,upperrobinson,TRUE,NA,11-01-20
2019,upperrobinson,TRUE,11-04-20,11-07-20
2019,upperrobinson,TRUE,11-12-20,NA
2019,upperrobinson,TRUE,NA,NA
2019,weir,TRUE,NA,NA
2019,weir,TRUE,NA,10-04-20
2019,weir,TRUE,10-07-20,10-11-20
2019,weir,TRUE,NA,NA
2019,weir,TRUE,NA,11-01-20
2019,weir,TRUE,11-04-20,11-07-20
2019,weir,TRUE,11-12-20,NA
2019,weir,TRUE,NA,NA
2020,bedrock,TRUE,NA,NA
2020,bedrock,TRUE,NA,NA
2020,bedrock,TRUE,10-05-20,10-09-20
2020,bedrock,TRUE,NA,NA
2020,bedrock,TRUE,11-02-20,11-06-20
2020,bedrock,TRUE,11-09-20,NA
2020,belowlowerauditorium,TRUE,NA,NA
2020,belowlowerauditorium,TRUE,NA,NA
2020,belowlowerauditorium,TRUE,10-05-20,10-09-20
2020,belowlowerauditorium,TRUE,NA,NA
2020,belowlowerauditorium,TRUE,NA,NA
2020,belowlowerauditorium,TRUE,NA,NA
2020,belowlowerauditorium,TRUE,11-02-20,11-06-20
2020,belowlowerauditorium,TRUE,11-09-20,NA
2020,cottonwood,TRUE,NA,NA
2020,cottonwood,TRUE,NA,NA
2020,cottonwood,TRUE,10-05-20,10-09-20
2020,cottonwood,TRUE,NA,NA
2020,cottonwood,TRUE,NA,NA
2020,cottonwood,TRUE,NA,NA
2020,cottonwood,TRUE,11-02-20,11-06-20
2020,cottonwood,TRUE,11-09-20,NA
2020,hatchery,TRUE,NA,NA
2020,hatchery,TRUE,NA,NA
2020,hatchery,TRUE,10-05-20,10-09-20
2020,hatchery,TRUE,NA,NA
2020,hatchery,TRUE,NA,NA
2020,hatchery,TRUE,NA,NA
2020,hatchery,TRUE,11-02-20,11-06-20
2020,hatchery,TRUE,NA,NA
2020,hatcherypipe,TRUE,NA,NA
2020,hatcherypipe,TRUE,NA,NA
2020,hatcherypipe,TRUE,10-05-20,10-09-20
2020,hatcherypipe,TRUE,NA,NA
2020,hatcherypipe,TRUE,NA,NA
2020,hatcherypipe,TRUE,NA,NA
2020,hatcherypipe,TRUE,11-02-20,11-06-20
2020,hatcherypipe,TRUE,11-09-20,NA
2020,hatcherysidechannel,FALSE,NA,NA
2020,lowerauditorium,TRUE,NA,NA
2020,lowerauditorium,TRUE,NA,NA
2020,lowerauditorium,TRUE,10-05-20,10-09-20
2020,lowerauditorium,TRUE,NA,NA
2020,lowerauditorium,TRUE,NA,NA
2020,lowerauditorium,TRUE,NA,NA
2020,lowerauditorium,TRUE,11-02-20,11-06-20
2020,lowerauditorium,TRUE,11-09-20,NA
2020,lowertablemountain,TRUE,NA,NA
2020,lowertablemountain,TRUE,NA,NA
2020,lowertablemountain,TRUE,10-05-20,10-09-20
2020,lowertablemountain,TRUE,NA,NA
2020,lowertablemountain,TRUE,NA,NA
2020,lowertablemountain,TRUE,NA,NA
2020,lowertablemountain,TRUE,11-02-20,11-06-20
2020,lowertablemountain,TRUE,11-09-20,NA
2020,middleauditorium,TRUE,NA,NA
2020,middleauditorium,TRUE,NA,NA
2020,middleauditorium,TRUE,10-05-20,10-09-20
2020,middleauditorium,TRUE,NA,NA
2020,middleauditorium,TRUE,NA,NA
2020,middleauditorium,TRUE,NA,NA
2020,middleauditorium,TRUE,11-02-20,11-06-20
2020,middleauditorium,TRUE,11-09-20,NA
2020,moessidechannel,TRUE,NA,NA
2020,moessidechannel,TRUE,NA,NA
2020,moessidechannel,TRUE,10-05-20,10-09-20
2020,moessidechannel,TRUE,NA,NA
2020,moessidechannel,TRUE,NA,NA
2020,moessidechannel,TRUE,NA,NA
2020,moessidechannel,TRUE,11-02-20,11-06-20
2020,moessidechannel,TRUE,11-09-20,NA
2020,tablemountain,TRUE,NA,NA
2020,tablemountain,TRUE,NA,NA
2020,tablemountain,TRUE,10-05-20,10-09-20
2020,tablemountain,TRUE,NA,NA
2020,tablemountain,TRUE,NA,NA
2020,tablemountain,TRUE,NA,NA
2020,tablemountain,TRUE,11-02-20,11-06-20
2020,tablemountain,TRUE,11-09-20,NA
2020,topofauditorium,TRUE,NA,NA
2020,topofauditorium,TRUE,NA,NA
2020,topofauditorium,TRUE,10-05-20,10-09-20
2020,topofauditorium,TRUE,NA,NA
2020,topofauditorium,TRUE,NA,NA
2020,topofauditorium,TRUE,NA,NA
2020,topofauditorium,TRUE,11-02-20,11-06-20
2020,topofauditorium,TRUE,11-09-20,NA
2020,topofhatchery,FALSE,NA,NA
2020,upperauditorium,TRUE,NA,NA
2020,upperauditorium,TRUE,NA,NA
2020,upperauditorium,TRUE,10-05-20,10-09-20
2020,upperauditorium,TRUE,NA,NA
2020,upperauditorium,TRUE,NA,NA
2020,upperauditorium,TRUE,NA,NA
2020,upperauditorium,TRUE,11-02-20,11-06-20
2020,upperauditorium,TRUE,11-09-20,NA
2020,uppercottonwood,TRUE,NA,NA
2020,uppercottonwood,TRUE,NA,NA
2020,uppercottonwood,TRUE,10-05-20,10-09-20
2020,uppercottonwood,TRUE,NA,NA
2020,uppercottonwood,TRUE,NA,NA
2020,uppercottonwood,TRUE,NA,NA
2020,uppercottonwood,TRUE,11-02-20,11-06-20
2020,uppercottonwood,TRUE,11-09-20,NA
2020,upperhatchery,TRUE,NA,NA
2020,upperhatchery,TRUE,NA,NA
2020,upperhatchery,TRUE,10-05-20,10-09-20
2020,upperhatchery,TRUE,NA,NA
2020,upperhatchery,TRUE,NA,NA
2020,upperhatchery,TRUE,NA,NA
2020,upperhatchery,TRUE,11-02-20,11-06-20
2020,upperhatchery,TRUE,NA,NA
2020,belowbigholeeast,TRUE,11-09-20,NA
2020,belowbigholeeast,TRUE,NA,NA
2020,bigbar,TRUE,11-09-20,NA
2020,bigbar,TRUE,NA,NA
2020,bigholeeast,TRUE,11-09-20,NA
2020,bigholeeast,TRUE,NA,NA
2020,bigholewest,TRUE,11-09-20,NA
2020,bigholewest,TRUE,NA,NA
2020,developing,TRUE,11-09-20,NA
2020,developing,TRUE,NA,NA
2020,g95eastsidechannelbottom,TRUE,11-09-20,NA
2020,g95eastsidechannelbottom,TRUE,NA,NA
2020,g95eastsidechanneltop,TRUE,11-09-20,NA
2020,g95eastsidechanneltop,TRUE,NA,NA
2020,g95main,TRUE,11-09-20,NA
2020,g95main,TRUE,NA,NA
2020,g95westsidechannel,TRUE,11-09-20,NA
2020,g95westsidechannel,TRUE,NA,NA
2020,goose,TRUE,11-09-20,NA
2020,goose,TRUE,NA,NA
2020,keister,TRUE,11-09-20,NA
2020,keister,TRUE,NA,NA
2020,lowerbig,TRUE,11-09-20,NA
2020,lowerbig,TRUE,NA,NA
2020,lowerhour,TRUE,11-09-20,NA
2020,lowerhour,TRUE,NA,NA
2020,lowermcfarland,TRUE,11-09-20,NA
2020,lowermcfarland,TRUE,NA,NA
2020,lowervanceeast,TRUE,11-09-20,NA
2020,lowervanceeast,TRUE,NA,NA
2020,palm,TRUE,11-09-20,NA
2020,palm,TRUE,NA,NA
2020,upperhour,TRUE,11-09-20,NA
2020,upperhour,TRUE,NA,NA
2020,uppermcfarland,TRUE,11-09-20,NA
2020,uppermcfarland,TRUE,NA,NA
2020,vanceeast,TRUE,11-09-20,NA
2020,vanceeast,TRUE,NA,NA
2020,vancewest,TRUE,11-09-20,NA
2020,vancewest,TRUE,NA,NA
2020,aleck,TRUE,10-05-20,10-09-20
2020,aleck,TRUE,NA,NA
2020,aleck,TRUE,NA,NA
2020,aleck,TRUE,11-02-20,11-06-20
2020,aleck,TRUE,NA,NA
2020,eye,TRUE,NA,NA
2020,eye,TRUE,11-02-20,11-06-20
2020,eyesidechannel,TRUE,10-05-20,10-09-20
2020,eyesidechannel,TRUE,NA,NA
2020,eyesidechannel,TRUE,NA,NA
2020,eyesidechannel,TRUE,11-02-20,11-06-20
2020,eyesidechannel,TRUE,NA,NA
2020,gateway,TRUE,10-05-20,10-09-20
2020,gateway,TRUE,NA,NA
2020,gateway,TRUE,NA,NA
2020,gateway,TRUE,11-02-20,11-06-20
2020,gateway,TRUE,NA,NA
2020,greatwestern,TRUE,NA,NA
2020,greatwestern,TRUE,11-02-20,11-06-20
2020,lowerrobinson,TRUE,10-05-20,10-09-20
2020,lowerrobinson,TRUE,NA,NA
2020,lowerrobinson,TRUE,11-02-20,11-06-20
2020,lowerrobinson,TRUE,NA,NA
2020,mathews,TRUE,10-05-20,10-09-20
2020,mathews,TRUE,NA,NA
2020,mathews,TRUE,NA,NA
2020,mathews,TRUE,11-02-20,11-06-20
2020,mathews,TRUE,NA,NA
2020,steep,TRUE,10-05-20,10-09-20
2020,steep,TRUE,NA,NA
2020,steep,TRUE,NA,NA
2020,steep,TRUE,11-02-20,11-06-20
2020,steep,TRUE,NA,NA
2020,steepsidechannel,TRUE,10-05-20,10-09-20
2020,steepsidechannel,TRUE,NA,NA
2020,steepsidechannel,TRUE,NA,NA
2020,steepsidechannel,TRUE,11-02-20,11-06-20
2020,steepsidechannel,TRUE,NA,NA
2020,trailerpark,TRUE,10-05-20,10-09-20
2020,trailerpark,TRUE,NA,NA
2020,trailerpark,TRUE,NA,NA
2020,trailerpark,TRUE,11-02-20,11-06-20
2020,uppermathews,TRUE,NA,NA
2020,uppermathews,TRUE,11-02-20,11-06-20
2020,upperrobinson,TRUE,10-05-20,10-09-20
2020,upperrobinson,TRUE,NA,NA
2020,upperrobinson,TRUE,11-02-20,11-06-20
2020,upperrobinson,TRUE,NA,NA
2020,weir,TRUE,10-05-20,10-09-20
2020,weir,TRUE,NA,NA
2020,weir,TRUE,NA,NA
2020,weir,TRUE,11-02-20,11-06-20
2020,weir,TRUE,NA,NA
2021,bedrock,TRUE,NA,NA
2021,bedrock,TRUE,NA,NA
2021,bedrock,TRUE,NA,10-01-20
2021,bedrock,TRUE,10-06-20,10-08-20
2021,bedrock,TRUE,10-12-20,NA
2021,bedrock,TRUE,NA,NA
2021,belowlowerauditorium,TRUE,NA,NA
2021,belowlowerauditorium,TRUE,NA,NA
2021,belowlowerauditorium,TRUE,NA,10-01-20
2021,belowlowerauditorium,TRUE,10-06-20,10-08-20
2021,belowlowerauditorium,TRUE,10-12-20,NA
2021,belowlowerauditorium,TRUE,NA,NA
2021,cottonwood,TRUE,NA,NA
2021,cottonwood,TRUE,NA,NA
2021,cottonwood,TRUE,NA,10-01-20
2021,cottonwood,TRUE,10-06-20,10-08-20
2021,cottonwood,TRUE,10-12-20,NA
2021,cottonwood,TRUE,NA,NA
2021,hatchery,TRUE,NA,NA
2021,hatchery,TRUE,NA,NA
2021,hatchery,TRUE,NA,10-01-20
2021,hatchery,TRUE,10-06-20,10-08-20
2021,hatchery,TRUE,10-12-20,NA
2021,hatchery,TRUE,NA,NA
2021,hatcherypipe,TRUE,NA,NA
2021,hatcherypipe,TRUE,NA,NA
2021,hatcherypipe,TRUE,NA,10-01-20
2021,hatcherypipe,TRUE,10-06-20,10-08-20
2021,hatcherypipe,TRUE,10-12-20,NA
2021,hatcherypipe,TRUE,NA,NA
2021,hatcherysidechannel,TRUE,NA,NA
2021,hatcherysidechannel,TRUE,NA,NA
2021,hatcherysidechannel,TRUE,NA,10-01-20
2021,hatcherysidechannel,TRUE,10-06-20,10-08-20
2021,hatcherysidechannel,TRUE,10-12-20,NA
2021,hatcherysidechannel,TRUE,NA,NA
2021,lowerauditorium,TRUE,NA,NA
2021,lowerauditorium,TRUE,NA,NA
2021,lowerauditorium,TRUE,NA,10-01-20
2021,lowerauditorium,TRUE,10-06-20,10-08-20
2021,lowerauditorium,TRUE,10-12-20,NA
2021,lowerauditorium,TRUE,NA,NA
2021,lowertablemountain,TRUE,NA,NA
2021,lowertablemountain,TRUE,NA,NA
2021,lowertablemountain,TRUE,NA,10-01-20
2021,lowertablemountain,TRUE,10-06-20,10-08-20
2021,lowertablemountain,TRUE,10-12-20,NA
2021,lowertablemountain,TRUE,NA,NA
2021,middleauditorium,TRUE,NA,NA
2021,middleauditorium,TRUE,NA,NA
2021,middleauditorium,TRUE,NA,10-01-20
2021,middleauditorium,TRUE,10-06-20,10-08-20
2021,middleauditorium,TRUE,10-12-20,NA
2021,middleauditorium,TRUE,NA,NA
2021,moessidechannel,TRUE,NA,NA
2021,moessidechannel,TRUE,NA,NA
2021,moessidechannel,TRUE,NA,10-01-20
2021,moessidechannel,TRUE,10-06-20,10-08-20
2021,moessidechannel,TRUE,10-12-20,NA
2021,moessidechannel,TRUE,NA,NA
2021,tablemountain,TRUE,NA,NA
2021,tablemountain,TRUE,NA,NA
2021,tablemountain,TRUE,NA,10-01-20
2021,tablemountain,TRUE,10-06-20,10-08-20
2021,tablemountain,TRUE,10-12-20,NA
2021,tablemountain,TRUE,NA,NA
2021,topofauditorium,TRUE,NA,NA
2021,topofauditorium,TRUE,NA,NA
2021,topofauditorium,TRUE,NA,10-01-20
2021,topofauditorium,TRUE,10-06-20,10-08-20
2021,topofauditorium,TRUE,10-12-20,NA
2021,topofauditorium,TRUE,NA,NA
2021,topofhatchery,FALSE,NA,NA
2021,upperauditorium,TRUE,NA,NA
2021,upperauditorium,TRUE,NA,NA
2021,upperauditorium,TRUE,NA,10-01-20
2021,upperauditorium,TRUE,10-06-20,10-08-20
2021,upperauditorium,TRUE,10-12-20,NA
2021,upperauditorium,TRUE,NA,NA
2021,uppercottonwood,TRUE,NA,NA
2021,uppercottonwood,TRUE,NA,NA
2021,uppercottonwood,TRUE,NA,10-01-20
2021,uppercottonwood,TRUE,10-06-20,10-08-20
2021,uppercottonwood,TRUE,10-12-20,NA
2021,uppercottonwood,TRUE,NA,NA
2021,upperhatchery,TRUE,NA,NA
2021,upperhatchery,TRUE,NA,NA
2021,upperhatchery,TRUE,NA,10-01-20
2021,upperhatchery,TRUE,10-06-20,10-08-20
2021,upperhatchery,TRUE,10-12-20,NA
2021,upperhatchery,TRUE,NA,NA
2021,belowbigholeeast,FALSE,NA,NA
2021,bigbar,TRUE,NA,NA
2021,bigbar,TRUE,11-02-20,11-05-20
2021,bigholeeast,TRUE,NA,NA
2021,bigholeeast,TRUE,11-02-20,11-05-20
2021,bigholewest,TRUE,NA,NA
2021,bigholewest,TRUE,11-02-20,11-05-20
2021,developing,TRUE,NA,NA
2021,developing,TRUE,11-02-20,11-05-20
2021,g95eastsidechannelbottom,TRUE,NA,NA
2021,g95eastsidechannelbottom,TRUE,11-02-20,11-05-20
2021,g95eastsidechanneltop,TRUE,NA,NA
2021,g95eastsidechanneltop,TRUE,11-02-20,11-05-20
2021,g95main,TRUE,NA,NA
2021,g95main,TRUE,11-02-20,11-05-20
2021,g95westsidechannel,TRUE,NA,NA
2021,g95westsidechannel,TRUE,11-02-20,11-05-20
2021,goose,TRUE,NA,NA
2021,goose,TRUE,11-02-20,11-05-20
2021,keister,TRUE,NA,NA
2021,keister,TRUE,11-02-20,11-05-20
2021,lowerhour,TRUE,NA,NA
2021,lowerhour,TRUE,11-02-20,11-05-20
2021,lowermcfarland,TRUE,NA,NA
2021,lowermcfarland,TRUE,11-02-20,11-05-20
2021,lowervanceeast,TRUE,NA,NA
2021,lowervanceeast,TRUE,11-02-20,11-05-20
2021,palm,FALSE,NA,NA
2021,upperhour,TRUE,NA,NA
2021,upperhour,TRUE,11-02-20,11-05-20
2021,uppermcfarland,TRUE,NA,NA
2021,uppermcfarland,TRUE,11-02-20,11-05-20
2021,vanceeast,TRUE,NA,NA
2021,vanceeast,TRUE,11-02-20,11-05-20
2021,vancewest,TRUE,NA,NA
2021,vancewest,TRUE,11-02-20,11-05-20
2021,aleck,TRUE,NA,10-01-20
2021,eye,TRUE,10-06-20,10-08-20
2021,eyesidechannel,TRUE,10-06-20,10-08-20
2021,gateway,TRUE,10-06-20,10-08-20
2021,greatwestern,FALSE,NA,NA
2021,lowerrobinson,TRUE,NA,10-01-20
2021,mathews,TRUE,10-06-20,10-08-20
2021,steep,TRUE,10-06-20,10-08-20
2021,steepsidechannel,TRUE,10-06-20,10-08-20
2021,trailerpark,TRUE,NA,10-01-20
2021,uppermathews,TRUE,NA,10-01-20
2021,upperrobinson,TRUE,NA,10-01-20
2021,weir,TRUE,10-06-20,10-08-20
2022,bedrock,TRUE,NA,NA
2022,bedrock,TRUE,NA,NA
2022,bedrock,TRUE,NA,NA
2022,bedrock,TRUE,10-02-20,10-06-20
2022,bedrock,TRUE,10-11-20,NA
2022,bedrock,TRUE,NA,NA
2022,bedrock,TRUE,NA,NA
2022,bedrock,TRUE,NA,11-04-20
2022,bedrock,TRUE,11-07-20,11-09-20
2022,bedrock,TRUE,NA,NA
2022,bedrock,TRUE,NA,NA
2022,bedrock,TRUE,NA,12-02-20
2022,belowlowerauditorium,TRUE,NA,NA
2022,belowlowerauditorium,TRUE,NA,NA
2022,belowlowerauditorium,TRUE,NA,NA
2022,belowlowerauditorium,TRUE,10-02-20,10-06-20
2022,belowlowerauditorium,TRUE,10-11-20,NA
2022,belowlowerauditorium,TRUE,NA,NA
2022,belowlowerauditorium,TRUE,NA,NA
2022,belowlowerauditorium,TRUE,NA,11-04-20
2022,belowlowerauditorium,TRUE,11-07-20,11-09-20
2022,belowlowerauditorium,TRUE,NA,NA
2022,belowlowerauditorium,TRUE,NA,NA
2022,belowlowerauditorium,TRUE,NA,12-02-20
2022,cottonwood,TRUE,NA,NA
2022,cottonwood,TRUE,NA,NA
2022,cottonwood,TRUE,NA,NA
2022,cottonwood,TRUE,10-02-20,10-06-20
2022,cottonwood,TRUE,10-11-20,NA
2022,cottonwood,TRUE,NA,NA
2022,cottonwood,TRUE,NA,NA
2022,cottonwood,TRUE,NA,11-04-20
2022,cottonwood,TRUE,11-07-20,11-09-20
2022,cottonwood,TRUE,NA,NA
2022,cottonwood,TRUE,NA,NA
2022,cottonwood,TRUE,NA,12-02-20
2022,hatchery,TRUE,NA,NA
2022,hatchery,TRUE,NA,NA
2022,hatchery,TRUE,NA,NA
2022,hatchery,TRUE,10-02-20,10-06-20
2022,hatchery,TRUE,10-11-20,NA
2022,hatchery,TRUE,NA,NA
2022,hatchery,TRUE,NA,NA
2022,hatchery,TRUE,NA,11-04-20
2022,hatchery,TRUE,11-07-20,11-09-20
2022,hatchery,TRUE,NA,NA
2022,hatchery,TRUE,NA,NA
2022,hatchery,TRUE,NA,12-02-20
2022,hatcherypipe,TRUE,NA,NA
2022,hatcherypipe,TRUE,NA,NA
2022,hatcherypipe,TRUE,NA,NA
2022,hatcherypipe,TRUE,10-02-20,10-06-20
2022,hatcherypipe,TRUE,10-11-20,NA
2022,hatcherypipe,TRUE,NA,NA
2022,hatcherypipe,TRUE,NA,NA
2022,hatcherypipe,TRUE,NA,11-04-20
2022,hatcherypipe,TRUE,11-07-20,11-09-20
2022,hatcherypipe,TRUE,NA,NA
2022,hatcherypipe,TRUE,NA,NA
2022,hatcherypipe,TRUE,NA,12-02-20
2022,hatcherysidechannel,FALSE,NA,NA
2022,lowerauditorium,TRUE,NA,NA
2022,lowerauditorium,TRUE,NA,NA
2022,lowerauditorium,TRUE,NA,NA
2022,lowerauditorium,TRUE,10-02-20,10-06-20
2022,lowerauditorium,TRUE,10-11-20,NA
2022,lowerauditorium,TRUE,NA,NA
2022,lowerauditorium,TRUE,NA,NA
2022,lowerauditorium,TRUE,NA,11-04-20
2022,lowerauditorium,TRUE,11-07-20,11-09-20
2022,lowerauditorium,TRUE,NA,NA
2022,lowerauditorium,TRUE,NA,NA
2022,lowerauditorium,TRUE,NA,12-02-20
2022,lowertablemountain,TRUE,NA,NA
2022,lowertablemountain,TRUE,NA,NA
2022,lowertablemountain,TRUE,NA,NA
2022,lowertablemountain,TRUE,10-02-20,10-06-20
2022,lowertablemountain,TRUE,10-11-20,NA
2022,lowertablemountain,TRUE,NA,NA
2022,lowertablemountain,TRUE,NA,NA
2022,lowertablemountain,TRUE,NA,11-04-20
2022,lowertablemountain,TRUE,11-07-20,11-09-20
2022,lowertablemountain,TRUE,NA,NA
2022,lowertablemountain,TRUE,NA,NA
2022,lowertablemountain,TRUE,NA,12-02-20
2022,middleauditorium,TRUE,NA,NA
2022,middleauditorium,TRUE,NA,NA
2022,middleauditorium,TRUE,NA,NA
2022,middleauditorium,TRUE,10-02-20,10-06-20
2022,middleauditorium,TRUE,10-11-20,NA
2022,middleauditorium,TRUE,NA,NA
2022,middleauditorium,TRUE,NA,NA
2022,middleauditorium,TRUE,NA,11-04-20
2022,middleauditorium,TRUE,11-07-20,11-09-20
2022,middleauditorium,TRUE,NA,NA
2022,middleauditorium,TRUE,NA,NA
2022,middleauditorium,TRUE,NA,12-02-20
2022,moessidechannel,TRUE,NA,NA
2022,moessidechannel,TRUE,NA,NA
2022,moessidechannel,TRUE,NA,NA
2022,moessidechannel,TRUE,10-02-20,10-06-20
2022,moessidechannel,TRUE,10-11-20,NA
2022,moessidechannel,TRUE,NA,NA
2022,moessidechannel,TRUE,NA,NA
2022,moessidechannel,TRUE,NA,11-04-20
2022,moessidechannel,TRUE,11-07-20,11-09-20
2022,moessidechannel,TRUE,NA,NA
2022,moessidechannel,TRUE,NA,NA
2022,moessidechannel,TRUE,NA,12-02-20
2022,tablemountain,TRUE,NA,NA
2022,tablemountain,TRUE,NA,NA
2022,tablemountain,TRUE,NA,NA
2022,tablemountain,TRUE,10-02-20,10-06-20
2022,tablemountain,TRUE,10-11-20,NA
2022,tablemountain,TRUE,NA,NA
2022,tablemountain,TRUE,NA,NA
2022,tablemountain,TRUE,NA,11-04-20
2022,tablemountain,TRUE,11-07-20,11-09-20
2022,tablemountain,TRUE,NA,NA
2022,tablemountain,TRUE,NA,NA
2022,tablemountain,TRUE,NA,12-02-20
2022,topofauditorium,TRUE,NA,NA
2022,topofauditorium,TRUE,NA,NA
2022,topofauditorium,TRUE,NA,NA
2022,topofauditorium,TRUE,10-02-20,10-06-20
2022,topofauditorium,TRUE,10-11-20,NA
2022,topofauditorium,TRUE,NA,NA
2022,topofauditorium,TRUE,NA,NA
2022,topofauditorium,TRUE,NA,11-04-20
2022,topofauditorium,TRUE,11-07-20,11-09-20
2022,topofauditorium,TRUE,NA,NA
2022,topofauditorium,TRUE,NA,NA
2022,topofauditorium,TRUE,NA,12-02-20
2022,topofhatchery,FALSE,NA,NA
2022,upperauditorium,TRUE,NA,NA
2022,upperauditorium,TRUE,NA,NA
2022,upperauditorium,TRUE,NA,NA
2022,upperauditorium,TRUE,10-02-20,10-06-20
2022,upperauditorium,TRUE,10-11-20,NA
2022,upperauditorium,TRUE,NA,NA
2022,upperauditorium,TRUE,NA,NA
2022,upperauditorium,TRUE,NA,11-04-20
2022,upperauditorium,TRUE,11-07-20,11-09-20
2022,upperauditorium,TRUE,NA,NA
2022,upperauditorium,TRUE,NA,NA
2022,upperauditorium,TRUE,NA,12-02-20
2022,uppercottonwood,TRUE,NA,NA
2022,uppercottonwood,TRUE,NA,NA
2022,uppercottonwood,TRUE,NA,NA
2022,uppercottonwood,TRUE,10-02-20,10-06-20
2022,uppercottonwood,TRUE,10-11-20,NA
2022,uppercottonwood,TRUE,NA,NA
2022,uppercottonwood,TRUE,NA,NA
2022,uppercottonwood,TRUE,NA,11-04-20
2022,uppercottonwood,TRUE,11-07-20,11-09-20
2022,uppercottonwood,TRUE,NA,NA
2022,uppercottonwood,TRUE,NA,NA
2022,uppercottonwood,TRUE,NA,12-02-20
2022,upperhatchery,TRUE,NA,NA
2022,upperhatchery,TRUE,NA,NA
2022,upperhatchery,TRUE,NA,NA
2022,upperhatchery,TRUE,10-02-20,10-06-20
2022,upperhatchery,TRUE,10-11-20,NA
2022,upperhatchery,TRUE,NA,NA
2022,upperhatchery,TRUE,NA,NA
2022,upperhatchery,TRUE,NA,11-04-20
2022,upperhatchery,TRUE,11-07-20,11-09-20
2022,upperhatchery,TRUE,NA,NA
2022,upperhatchery,TRUE,NA,NA
2022,upperhatchery,TRUE,NA,12-02-20
2022,belowbigholeeast,TRUE,NA,NA
2022,belowbigholeeast,TRUE,NA,11-04-20
2022,belowbigholeeast,TRUE,NA,NA
2022,belowbigholeeast,TRUE,NA,12-02-20
2022,bigbar,TRUE,NA,NA
2022,bigbar,TRUE,NA,11-04-20
2022,bigbar,TRUE,NA,NA
2022,bigbar,TRUE,NA,12-02-20
2022,bigholeeast,TRUE,NA,NA
2022,bigholeeast,TRUE,NA,11-04-20
2022,bigholeeast,TRUE,NA,NA
2022,bigholeeast,TRUE,NA,12-02-20
2022,bigholewest,TRUE,NA,NA
2022,bigholewest,TRUE,NA,11-04-20
2022,bigholewest,TRUE,NA,NA
2022,bigholewest,TRUE,NA,12-02-20
2022,developing,TRUE,NA,NA
2022,developing,TRUE,NA,11-04-20
2022,developing,TRUE,NA,NA
2022,developing,TRUE,NA,12-02-20
2022,g95eastsidechannelbottom,TRUE,NA,NA
2022,g95eastsidechannelbottom,TRUE,NA,11-04-20
2022,g95eastsidechannelbottom,TRUE,NA,NA
2022,g95eastsidechannelbottom,TRUE,NA,12-02-20
2022,g95eastsidechanneltop,TRUE,NA,NA
2022,g95eastsidechanneltop,TRUE,NA,11-04-20
2022,g95eastsidechanneltop,TRUE,NA,NA
2022,g95eastsidechanneltop,TRUE,NA,12-02-20
2022,g95main,TRUE,NA,NA
2022,g95main,TRUE,NA,11-04-20
2022,g95main,TRUE,NA,NA
2022,g95main,TRUE,NA,12-02-20
2022,g95westsidechannel,TRUE,NA,NA
2022,g95westsidechannel,TRUE,NA,11-04-20
2022,g95westsidechannel,TRUE,NA,NA
2022,g95westsidechannel,TRUE,NA,12-02-20
2022,goose,TRUE,NA,NA
2022,goose,TRUE,NA,11-04-20
2022,goose,TRUE,NA,NA
2022,goose,TRUE,NA,12-02-20
2022,keister,TRUE,NA,NA
2022,keister,TRUE,NA,11-04-20
2022,keister,TRUE,NA,NA
2022,keister,TRUE,NA,12-02-20
2022,lowerbig,TRUE,NA,NA
2022,lowerbig,TRUE,NA,11-04-20
2022,lowerbig,TRUE,NA,NA
2022,lowerbig,TRUE,NA,12-02-20
2022,lowerhour,TRUE,NA,NA
2022,lowerhour,TRUE,NA,11-04-20
2022,lowerhour,TRUE,NA,NA
2022,lowerhour,TRUE,NA,12-02-20
2022,lowermcfarland,TRUE,NA,NA
2022,lowermcfarland,TRUE,NA,11-04-20
2022,lowermcfarland,TRUE,NA,NA
2022,lowermcfarland,TRUE,NA,12-02-20
2022,lowervanceeast,TRUE,NA,NA
2022,lowervanceeast,TRUE,NA,11-04-20
2022,lowervanceeast,TRUE,NA,NA
2022,lowervanceeast,TRUE,NA,12-02-20
2022,palm,TRUE,NA,NA
2022,palm,TRUE,NA,11-04-20
2022,palm,TRUE,NA,NA
2022,palm,TRUE,NA,12-02-20
2022,upperhour,TRUE,NA,NA
2022,upperhour,TRUE,NA,11-04-20
2022,upperhour,TRUE,NA,NA
2022,upperhour,TRUE,NA,12-02-20
2022,uppermcfarland,TRUE,NA,NA
2022,uppermcfarland,TRUE,NA,11-04-20
2022,uppermcfarland,TRUE,NA,NA
2022,uppermcfarland,TRUE,NA,12-02-20
2022,vanceeast,TRUE,NA,NA
2022,vanceeast,TRUE,NA,11-04-20
2022,vanceeast,TRUE,NA,NA
2022,vanceeast,TRUE,NA,12-02-20
2022,vancewest,TRUE,NA,NA
2022,vancewest,TRUE,NA,11-04-20
2022,vancewest,TRUE,NA,NA
2022,vancewest,TRUE,NA,12-02-20
2022,aleck,TRUE,NA,NA
2022,aleck,TRUE,NA,NA
2022,aleck,TRUE,10-11-20,NA
2022,aleck,TRUE,NA,NA
2022,aleck,TRUE,11-07-20,11-09-20
2022,aleck,TRUE,NA,NA
2022,eyesidechannel,TRUE,NA,NA
2022,eyesidechannel,TRUE,10-02-20,10-06-20
2022,eyesidechannel,TRUE,NA,NA
2022,eyesidechannel,TRUE,NA,11-04-20
2022,eyesidechannel,TRUE,NA,NA
2022,eyesidechannel,TRUE,NA,12-02-20
2022,gateway,TRUE,NA,NA
2022,gateway,TRUE,10-02-20,10-06-20
2022,gateway,TRUE,NA,NA
2022,gateway,TRUE,NA,11-04-20
2022,gateway,TRUE,NA,NA
2022,gateway,TRUE,NA,12-02-20
2022,greatwestern,TRUE,NA,NA
2022,greatwestern,TRUE,NA,NA
2022,greatwestern,TRUE,10-11-20,NA
2022,greatwestern,TRUE,NA,NA
2022,greatwestern,TRUE,11-07-20,11-09-20
2022,greatwestern,TRUE,NA,NA
2022,lowerrobinson,TRUE,NA,NA
2022,lowerrobinson,TRUE,NA,NA
2022,lowerrobinson,TRUE,10-11-20,NA
2022,lowerrobinson,TRUE,NA,NA
2022,lowerrobinson,TRUE,11-07-20,11-09-20
2022,lowerrobinson,TRUE,NA,NA
2022,mathews,TRUE,NA,NA
2022,mathews,TRUE,NA,NA
2022,mathews,TRUE,10-11-20,NA
2022,mathews,TRUE,NA,NA
2022,mathews,TRUE,11-07-20,11-09-20
2022,mathews,TRUE,NA,NA
2022,steep,TRUE,NA,NA
2022,steep,TRUE,10-02-20,10-06-20
2022,steep,TRUE,NA,NA
2022,steep,TRUE,NA,11-04-20
2022,steep,TRUE,NA,NA
2022,steep,TRUE,NA,12-02-20
2022,trailerpark,TRUE,NA,NA
2022,trailerpark,TRUE,NA,NA
2022,trailerpark,TRUE,10-11-20,NA
2022,trailerpark,TRUE,NA,NA
2022,trailerpark,TRUE,11-07-20,11-09-20
2022,trailerpark,TRUE,NA,NA
2022,uppermathews,TRUE,NA,NA
2022,uppermathews,TRUE,NA,NA
2022,uppermathews,TRUE,10-11-20,NA
2022,uppermathews,TRUE,NA,NA
2022,uppermathews,TRUE,11-07-20,11-09-20
2022,uppermathews,TRUE,NA,NA
2022,upperrobinson,TRUE,NA,NA
2022,upperrobinson,TRUE,NA,NA
2022,upperrobinson,TRUE,10-11-20,NA
2022,upperrobinson,TRUE,NA,NA
2022,upperrobinson,TRUE,11-07-20,11-09-20
2022,upperrobinson,TRUE,NA,NA
2022,weir,TRUE,NA,NA
2022,weir,TRUE,10-02-20,10-06-20
2022,weir,TRUE,NA,NA
2022,weir,TRUE,NA,11-04-20
2022,weir,TRUE,NA,NA
2022,weir,TRUE,NA,12-02-20
2023,bedrock,TRUE,NA,NA
2023,bedrock,TRUE,NA,NA
2023,bedrock,TRUE,10-03-20,10-05-20
2023,bedrock,TRUE,10-11-20,NA
2023,bedrock,TRUE,NA,NA
2023,bedrock,TRUE,NA,NA
2023,bedrock,TRUE,NA,11-03-20
2023,bedrock,TRUE,11-08-20,11-08-20
2023,bedrock,TRUE,NA,NA
2023,bedrock,TRUE,NA,NA
2023,belowlowerauditorium,TRUE,NA,NA
2023,belowlowerauditorium,TRUE,NA,NA
2023,belowlowerauditorium,TRUE,10-03-20,10-05-20
2023,belowlowerauditorium,TRUE,10-11-20,NA
2023,belowlowerauditorium,TRUE,NA,NA
2023,belowlowerauditorium,TRUE,NA,NA
2023,belowlowerauditorium,TRUE,NA,11-03-20
2023,belowlowerauditorium,TRUE,11-08-20,11-08-20
2023,belowlowerauditorium,TRUE,NA,NA
2023,belowlowerauditorium,TRUE,NA,NA
2023,cottonwood,TRUE,NA,NA
2023,cottonwood,TRUE,NA,NA
2023,cottonwood,TRUE,10-03-20,10-05-20
2023,cottonwood,TRUE,10-11-20,NA
2023,cottonwood,TRUE,NA,NA
2023,cottonwood,TRUE,NA,NA
2023,cottonwood,TRUE,NA,11-03-20
2023,cottonwood,TRUE,11-08-20,11-08-20
2023,cottonwood,TRUE,NA,NA
2023,cottonwood,TRUE,NA,NA
2023,hatchery,TRUE,NA,NA
2023,hatchery,TRUE,NA,NA
2023,hatchery,TRUE,10-03-20,10-05-20
2023,hatchery,TRUE,10-11-20,NA
2023,hatchery,TRUE,NA,NA
2023,hatchery,TRUE,NA,NA
2023,hatchery,TRUE,NA,11-03-20
2023,hatchery,TRUE,11-08-20,11-08-20
2023,hatchery,TRUE,NA,NA
2023,hatchery,TRUE,NA,NA
2023,hatcherypipe,TRUE,NA,NA
2023,hatcherypipe,TRUE,NA,NA
2023,hatcherypipe,TRUE,10-03-20,10-05-20
2023,hatcherypipe,TRUE,10-11-20,NA
2023,hatcherypipe,TRUE,NA,NA
2023,hatcherypipe,TRUE,NA,NA
2023,hatcherypipe,TRUE,NA,11-03-20
2023,hatcherypipe,TRUE,11-08-20,11-08-20
2023,hatcherypipe,TRUE,NA,NA
2023,hatcherypipe,TRUE,NA,NA
2023,hatcherysidechannel,TRUE,NA,NA
2023,hatcherysidechannel,TRUE,NA,NA
2023,hatcherysidechannel,TRUE,10-03-20,10-05-20
2023,hatcherysidechannel,TRUE,10-11-20,NA
2023,hatcherysidechannel,TRUE,NA,NA
2023,hatcherysidechannel,TRUE,NA,NA
2023,hatcherysidechannel,TRUE,NA,11-03-20
2023,hatcherysidechannel,TRUE,11-08-20,11-08-20
2023,hatcherysidechannel,TRUE,NA,NA
2023,hatcherysidechannel,TRUE,NA,NA
2023,lowerauditorium,TRUE,NA,NA
2023,lowerauditorium,TRUE,NA,NA
2023,lowerauditorium,TRUE,10-03-20,10-05-20
2023,lowerauditorium,TRUE,10-11-20,NA
2023,lowerauditorium,TRUE,NA,NA
2023,lowerauditorium,TRUE,NA,NA
2023,lowerauditorium,TRUE,NA,11-03-20
2023,lowerauditorium,TRUE,11-08-20,11-08-20
2023,lowerauditorium,TRUE,NA,NA
2023,lowerauditorium,TRUE,NA,NA
2023,lowertablemountain,TRUE,NA,NA
2023,lowertablemountain,TRUE,NA,NA
2023,lowertablemountain,TRUE,10-03-20,10-05-20
2023,lowertablemountain,TRUE,10-11-20,NA
2023,lowertablemountain,TRUE,NA,NA
2023,lowertablemountain,TRUE,NA,NA
2023,lowertablemountain,TRUE,NA,11-03-20
2023,lowertablemountain,TRUE,11-08-20,11-08-20
2023,lowertablemountain,TRUE,NA,NA
2023,lowertablemountain,TRUE,NA,NA
2023,middleauditorium,TRUE,NA,NA
2023,middleauditorium,TRUE,NA,NA
2023,middleauditorium,TRUE,10-03-20,10-05-20
2023,middleauditorium,TRUE,10-11-20,NA
2023,middleauditorium,TRUE,NA,NA
2023,middleauditorium,TRUE,NA,NA
2023,middleauditorium,TRUE,NA,11-03-20
2023,middleauditorium,TRUE,11-08-20,11-08-20
2023,middleauditorium,TRUE,NA,NA
2023,middleauditorium,TRUE,NA,NA
2023,moessidechannel,TRUE,NA,NA
2023,moessidechannel,TRUE,NA,NA
2023,moessidechannel,TRUE,10-03-20,10-05-20
2023,moessidechannel,TRUE,10-11-20,NA
2023,moessidechannel,TRUE,NA,NA
2023,moessidechannel,TRUE,NA,NA
2023,moessidechannel,TRUE,NA,11-03-20
2023,moessidechannel,TRUE,11-08-20,11-08-20
2023,moessidechannel,TRUE,NA,NA
2023,moessidechannel,TRUE,NA,NA
2023,tablemountain,TRUE,NA,NA
2023,tablemountain,TRUE,NA,NA
2023,tablemountain,TRUE,10-03-20,10-05-20
2023,tablemountain,TRUE,10-11-20,NA
2023,tablemountain,TRUE,NA,NA
2023,tablemountain,TRUE,NA,NA
2023,tablemountain,TRUE,NA,11-03-20
2023,tablemountain,TRUE,11-08-20,11-08-20
2023,tablemountain,TRUE,NA,NA
2023,tablemountain,TRUE,NA,NA
2023,topofauditorium,TRUE,NA,NA
2023,topofauditorium,TRUE,NA,NA
2023,topofauditorium,TRUE,10-03-20,10-05-20
2023,topofauditorium,TRUE,10-11-20,NA
2023,topofauditorium,TRUE,NA,NA
2023,topofauditorium,TRUE,NA,NA
2023,topofauditorium,TRUE,NA,11-03-20
2023,topofauditorium,TRUE,11-08-20,11-08-20
2023,topofauditorium,TRUE,NA,NA
2023,topofauditorium,TRUE,NA,NA
2023,topofhatchery,FALSE,NA,NA
2023,upperauditorium,TRUE,NA,NA
2023,upperauditorium,TRUE,NA,NA
2023,upperauditorium,TRUE,10-03-20,10-05-20
2023,upperauditorium,TRUE,10-11-20,NA
2023,upperauditorium,TRUE,NA,NA
2023,upperauditorium,TRUE,NA,NA
2023,upperauditorium,TRUE,NA,11-03-20
2023,upperauditorium,TRUE,11-08-20,11-08-20
2023,upperauditorium,TRUE,NA,NA
2023,upperauditorium,TRUE,NA,NA
2023,uppercottonwood,TRUE,NA,NA
2023,uppercottonwood,TRUE,NA,NA
2023,uppercottonwood,TRUE,10-03-20,10-05-20
2023,uppercottonwood,TRUE,10-11-20,NA
2023,uppercottonwood,TRUE,NA,NA
2023,uppercottonwood,TRUE,NA,NA
2023,uppercottonwood,TRUE,NA,11-03-20
2023,uppercottonwood,TRUE,11-08-20,11-08-20
2023,uppercottonwood,TRUE,NA,NA
2023,uppercottonwood,TRUE,NA,NA
2023,upperhatchery,TRUE,NA,NA
2023,upperhatchery,TRUE,NA,NA
2023,upperhatchery,TRUE,10-03-20,10-05-20
2023,upperhatchery,TRUE,10-11-20,NA
2023,upperhatchery,TRUE,NA,NA
2023,upperhatchery,TRUE,NA,NA
2023,upperhatchery,TRUE,NA,11-03-20
2023,upperhatchery,TRUE,11-08-20,11-08-20
2023,upperhatchery,TRUE,NA,NA
2023,upperhatchery,TRUE,NA,NA
2023,belowbigholeeast,TRUE,NA,11-03-20
2023,belowbigholeeast,TRUE,11-08-20,11-08-20
2023,belowbigholeeast,TRUE,NA,NA
2023,bigbar,TRUE,NA,11-03-20
2023,bigbar,TRUE,11-08-20,11-08-20
2023,bigbar,TRUE,NA,NA
2023,bigholeeast,TRUE,NA,11-03-20
2023,bigholeeast,TRUE,11-08-20,11-08-20
2023,bigholeeast,TRUE,NA,NA
2023,bigholewest,TRUE,NA,11-03-20
2023,bigholewest,TRUE,11-08-20,11-08-20
2023,bigholewest,TRUE,NA,NA
2023,developing,TRUE,NA,11-03-20
2023,developing,TRUE,11-08-20,11-08-20
2023,developing,TRUE,NA,NA
2023,g95eastsidechannelbottom,TRUE,NA,11-03-20
2023,g95eastsidechannelbottom,TRUE,11-08-20,11-08-20
2023,g95eastsidechannelbottom,TRUE,NA,NA
2023,g95eastsidechanneltop,TRUE,NA,11-03-20
2023,g95eastsidechanneltop,TRUE,11-08-20,11-08-20
2023,g95eastsidechanneltop,TRUE,NA,NA
2023,g95main,TRUE,NA,11-03-20
2023,g95main,TRUE,11-08-20,11-08-20
2023,g95main,TRUE,NA,NA
2023,g95westsidechannel,TRUE,NA,11-03-20
2023,g95westsidechannel,TRUE,11-08-20,11-08-20
2023,g95westsidechannel,TRUE,NA,NA
2023,goose,TRUE,NA,11-03-20
2023,goose,TRUE,11-08-20,11-08-20
2023,goose,TRUE,NA,NA
2023,keister,TRUE,NA,11-03-20
2023,keister,TRUE,11-08-20,11-08-20
2023,keister,TRUE,NA,NA
2023,lowerbig,TRUE,NA,11-03-20
2023,lowerbig,TRUE,11-08-20,11-08-20
2023,lowerbig,TRUE,NA,NA
2023,lowerhour,TRUE,NA,11-03-20
2023,lowerhour,TRUE,11-08-20,11-08-20
2023,lowerhour,TRUE,NA,NA
2023,lowermcfarland,TRUE,NA,11-03-20
2023,lowermcfarland,TRUE,11-08-20,11-08-20
2023,lowermcfarland,TRUE,NA,NA
2023,lowervanceeast,TRUE,NA,11-03-20
2023,lowervanceeast,TRUE,11-08-20,11-08-20
2023,lowervanceeast,TRUE,NA,NA
2023,palm,FALSE,NA,NA
2023,upperhour,TRUE,NA,11-03-20
2023,upperhour,TRUE,11-08-20,11-08-20
2023,upperhour,TRUE,NA,NA
2023,uppermcfarland,TRUE,NA,11-03-20
2023,uppermcfarland,TRUE,11-08-20,11-08-20
2023,uppermcfarland,TRUE,NA,NA
2023,vanceeast,TRUE,NA,11-03-20
2023,vanceeast,TRUE,11-08-20,11-08-20
2023,vanceeast,TRUE,NA,NA
2023,vancewest,TRUE,NA,11-03-20
2023,vancewest,TRUE,11-08-20,11-08-20
2023,vancewest,TRUE,NA,NA
2023,aleck,FALSE,NA,NA
2023,eye,FALSE,NA,NA
2023,eyesidechannel,FALSE,NA,NA
2023,gateway,FALSE,NA,NA
2023,greatwestern,FALSE,NA,NA
2023,lowerrobinson,FALSE,NA,NA
2023,mathews,FALSE,NA,NA
2023,steep,TRUE,NA,NA
2023,steepsidechannel,TRUE,NA,NA
2023,trailerpark,TRUE,NA,NA
2023,weir,TRUE,NA,NA
